Temperature,Humidity,Rainfall,Soil_Type,Crop_Type,Area,Yield
24.36350297118406,61.144907108173086,218.1757485522245,Loamy,Sugarcane,30.365665063313045,82.69290141245114
38.767857660247905,58.75091265778386,249.17034929784307,Loamy,Maize,26.171684905549935,4.10104098581159
33.29984854528513,31.538523948386143,112.61697469812475,Sandy,Cotton,15.121041772016945,0.5
29.966462104925917,50.474869657569386,206.21852490174973,Red,Rice,1.316753531695817,1.8727398403437463
18.900466011060914,52.811737127151424,192.93649578593718,Red,Rice,25.315721873139882,2.982738715027194
18.899863008405067,53.92936685381403,258.2075941970678,Sandy,Wheat,14.995673439549911,0.5
16.452090304204987,64.81034215363994,276.52176512031514,Black,Sugarcane,36.99580673481622,89.45729975316674
36.654403644373375,62.016152803612705,53.0391928693467,Loamy,Wheat,2.173366998253691,1.5098062064586222
30.02787529358022,66.47430556760668,218.50497976469816,Loamy,Cotton,29.656562753983753,1.110271731063667
32.70181444490114,75.8929956925277,62.958949779932254,Sandy,Maize,47.1322376377972,2.752580835672195
15.51461235739506,78.7791443229656,187.21466626933898,Sandy,Maize,9.546054088463476,3.0016271464631763
39.247746304049855,73.08738457358967,121.90818226091955,Black,Sugarcane,24.110825046779173,89.74095621375906
35.81106602001054,87.33142175729608,126.6941498805353,Red,Wheat,5.47967759903977,1.8642800384765792
20.308477766956905,31.093954960581698,138.23962586308915,Clay,Wheat,31.65841370080628,1.2196112398809589
19.545624180177516,41.74667914101276,205.32311226240253,Red,Cotton,27.976052349215053,0.7111908549558128
19.585112746335845,30.453772498688526,133.5124914171923,Loamy,Maize,20.960910686428786,4.578370936033245
22.60605607398844,68.84848284927618,233.1747626475701,Sandy,Wheat,26.547474052213317,1.730601254578191
28.11891079080595,83.88183293699922,151.1318463934674,Black,Sugarcane,44.932158264981496,90.69863287260311
25.798625466052894,44.608937794577955,67.08830007748966,Red,Maize,10.618420813242285,3.6848045927958135
22.28072850495105,85.6220726877784,245.9399606210268,Black,Cotton,2.1056610735620147,1.8148862816352835
30.296322368059485,33.61604341737365,121.4395811481765,Red,Sugarcane,43.22157935025595,62.48507432764375
18.487346516301045,86.06616160833086,158.19171989981567,Loamy,Rice,29.278737037007417,3.7924162277635727
22.303616213380455,51.09736123437806,221.36097080547538,Clay,Cotton,44.64226431763028,0.9728844005580816
24.159046082342293,36.08524970695299,133.114039287178,Black,Sugarcane,30.250315947245458,90.61126688148381
26.4017496054259,59.15230555117954,64.1464140366789,Black,Wheat,40.69789340802542,3.022510108493
34.62939903482534,45.40659406323048,143.4802617532034,Clay,Rice,22.05399480440225,3.5140512080102355
19.991844553958995,47.092374117715366,286.11214567357587,Black,Cotton,37.74313663312517,0.5
27.85586096034029,48.43739789557719,210.43359932463954,Black,Wheat,45.73903187760294,3.862020676044792
29.810364221551062,78.1815538699598,217.86978716680173,Red,Rice,29.03402522238811,2.347667131633394
16.161260317999943,62.34967660051527,208.07053840940995,Red,Maize,9.858472377556597,2.6191314343493124
30.18862129753596,48.67846194936022,99.74803473985921,Clay,Wheat,14.17108313647971,1.5547218457172378
19.263103092182288,66.6200269986551,154.58346602557003,Loamy,Sugarcane,10.733584267972883,82.4702564287957
16.62628982463199,72.96904045339161,237.73494959082956,Black,Cotton,13.095994352190912,0.5
38.722138431333335,46.35744004401202,75.34322438828978,Loamy,Rice,16.014357018200784,3.0233499088765785
39.14080082686398,54.81294609152109,119.46319402242807,Clay,Wheat,28.201555550906235,2.6412081269587047
35.20993370291153,37.313165600216855,119.0797771164634,Clay,Maize,29.811589843727806,3.931901690733295
22.61534422933427,40.86896097208082,158.00473189862652,Red,Cotton,21.898487614851195,1.3345294179043525
17.441802850159597,70.86707123789897,295.09218523554625,Black,Cotton,31.155618211220936,0.5
32.10582566280392,40.88630086173762,66.87563667095549,Sandy,Wheat,4.99717135495693,0.5
26.003812343490033,61.50980302002361,179.67524859514876,Clay,Maize,5.301623615849838,4.249396989787441
18.05095587111947,72.54277570334597,94.84117050305261,Black,Rice,9.419643557525264,3.697039678426528
27.379422752781757,36.41261538568463,292.669136352436,Loamy,Wheat,26.38579740397689,1.4068213684259419
15.85971302788046,64.03873317773422,78.32587618186605,Red,Rice,11.485739256217364,2.2074642187997586
37.73301005196955,45.393767022081825,150.90025059039783,Loamy,Cotton,14.88093577113629,1.2926831451257565
21.469499540000424,87.77561251425479,234.47124620865154,Clay,Rice,20.61532897247671,2.0875881494941693
31.56305710884955,59.01273880319548,226.13860700686132,Clay,Maize,40.78144007650861,3.9582424334589326
22.792776902235275,78.35955298650948,155.68215922348307,Loamy,Sugarcane,1.6792446597301458,83.30841880146336
28.00170052944527,63.01359252937571,136.63104198817956,Clay,Maize,32.8195621915945,3.858169919710904
28.66775698358199,32.60475197128915,149.40309463821762,Black,Rice,33.77495002099358,4.479929047757827
19.621361388138176,67.98908253564134,116.06906578965982,Clay,Wheat,40.13413323747519,2.173595077699892
39.239615694113965,87.08420053239942,101.33323467669996,Red,Cotton,46.70489401395535,0.5
34.37832058402786,66.09670920877987,170.7599243897225,Black,Sugarcane,1.9867545985152015,89.90589981937751
38.48747353910473,79.15133156560742,117.13343901690183,Sandy,Wheat,8.535401570147593,1.312470362407313
37.37068376069122,83.05238780090447,121.86541622431253,Clay,Wheat,44.42239340874366,1.0708472488601224
29.94749947027713,43.68478631693595,214.18901586863927,Clay,Maize,23.467409547163754,3.163341059274223
38.04685587557792,42.7226903944936,292.134332924973,Red,Rice,28.664941307739713,1.0183258738653767
17.212312551297988,66.6588593310595,200.90930013984377,Red,Maize,33.48833298243422,3.7798115744512546
19.89957156047863,54.66170818840229,69.24486676624157,Loamy,Rice,34.274263620286234,4.53582520481574
16.13068222276345,80.39167817200322,68.89590346351675,Loamy,Maize,46.655279762508904,4.667127259760117
23.133258269081608,84.00138740388067,287.8558052113915,Loamy,Wheat,49.850521453171815,2.190490983340606
24.71693224223705,51.20528275816309,124.3226975768334,Red,Cotton,36.28771558561607,1.5265280572942803
21.783725794347397,44.21223353846892,73.01674652061885,Loamy,Rice,15.07383925105239,3.2110404358715714
35.718437728798236,76.83153091463171,199.76114678759538,Loamy,Sugarcane,44.10786771242284,82.95569156568996
23.918833167339734,46.48836213288817,205.91219457256653,Sandy,Sugarcane,3.4118248124973185,55.07378293083502
22.023362742184517,79.3568591108207,212.12620502967204,Loamy,Wheat,12.322961790850314,2.6312858235100975
28.567402078956214,55.42429521892577,116.85050696438533,Clay,Maize,44.971900155722025,3.9256059568990778
18.523105624369066,70.05299395748823,53.77767105361876,Red,Maize,13.553384207528392,3.24609501302478
35.054924518850996,35.73211883008009,291.253842363618,Black,Wheat,11.811901921465674,1.4391036286399241
16.863766091994272,67.43155948059439,112.72326142277562,Sandy,Sugarcane,7.768139363872114,55.187418602807625
39.672173415012935,57.10606072423374,219.00657201313686,Red,Sugarcane,43.09647612469891,61.47591023619009
34.306119232416435,65.19650779052844,226.65746746967739,Red,Maize,25.502854700363248,3.0255876502009937
19.96789203835431,40.0808524646918,202.50185426987142,Clay,Rice,34.069766949653584,3.0673384983220418
15.13805292809006,74.21242469665093,128.22684855341205,Loamy,Cotton,12.714252819676453,1.201877073559823
35.386535711370854,81.7678246525937,117.77406344101644,Clay,Rice,38.14398062954961,1.9287132906009528
32.671433596190425,43.00438800544654,199.41707067567577,Loamy,Sugarcane,38.240271703142824,81.84536033570143
33.22517920102469,35.7428733312097,266.52390840292287,Loamy,Rice,16.31730322050671,2.8305677072572193
34.281758667148644,31.418315162780182,286.6834322308489,Red,Cotton,21.12344901750386,0.5
16.85111629335226,68.51829002659596,76.47645110093941,Loamy,Rice,11.274823594079843,2.6224049364290627
23.961643213606813,66.42564216532685,88.70715314942996,Sandy,Rice,48.85149014282231,2.4599083323949933
17.896726488128245,62.8018447628442,286.1840646957699,Sandy,Rice,32.63452627586217,1.3800215047051496
36.57758564688984,43.916825766958524,234.13380708369814,Sandy,Rice,46.79265015506026,1.2083123655463313
30.58245317068895,53.45435975433088,270.74845620744327,Red,Wheat,15.865891637827525,1.2058846335681637
23.27245062131623,65.66858011117039,100.65815853383579,Clay,Sugarcane,39.3126547368476,69.96437951923465
16.588958757150593,59.80601153155016,196.89646777735047,Black,Cotton,38.527073550352355,2.348898850057598
22.774558042891556,89.26713121289325,225.2848986043684,Loamy,Sugarcane,34.891126941460534,82.62241861339733
23.12958305066868,38.18638515340399,220.02797136174317,Black,Wheat,48.31630978807322,2.627571925552656
33.2401544584516,71.70867324285562,152.03792271667453,Clay,Wheat,20.284211469209463,2.412307188859403
30.93893678388033,54.259126086257524,53.84872292282712,Clay,Wheat,7.405148855898108,1.7812263781465791
37.18031856440817,55.69197689553688,195.73151420106578,Red,Wheat,33.913734102958976,1.413359379150644
26.805373129048732,73.05586593949057,113.27538479490218,Sandy,Rice,36.7361802233831,2.568639402683325
17.98985614845754,71.54616907946217,162.56356153572258,Sandy,Sugarcane,29.17796809948192,54.50611902495551
32.83111968057487,89.4753596221313,289.39525377095435,Clay,Maize,11.134076763536417,2.6656587274924695
34.019626215422434,37.703657367247516,149.75882941060868,Red,Cotton,25.718341141798412,1.1390869281922178
29.031929939237408,36.246578963049984,259.9504016661067,Red,Wheat,16.29729709188734,0.6789100946348596
34.27417949886403,73.46032902772447,97.13515143731279,Loamy,Sugarcane,21.945859880167763,82.69069963673238
27.344889909109767,64.70321502038455,218.11512450625722,Sandy,Wheat,32.615710216388536,0.9517872687236865
28.06832073454985,46.44963999358835,294.25173860973587,Clay,Wheat,37.515522391850894,0.5079025855672588
25.68852545896374,34.765162139339196,75.47327521823419,Black,Wheat,12.379009854165814,2.7210172610005348
15.63547816860238,35.13949497578583,52.079985556798,Sandy,Wheat,20.860942671700712,0.5
17.69728567483261,83.6514524798471,158.3956981581536,Loamy,Wheat,14.18891697858983,1.7894654217751396
15.785729642168356,41.512039483124575,73.1563707628418,Red,Cotton,10.732949079231586,0.5
30.91026028159451,49.40229372693125,237.09608741905785,Clay,Sugarcane,39.38597377979608,68.1383824393723
22.858899526908168,43.59938413361928,278.63716596213976,Sandy,Wheat,45.55338202741263,1.0658512482622675
27.71426727911757,51.29977834991624,158.5052431771897,Black,Wheat,19.14137709854426,3.5947867769547828
37.689161848152324,34.1654305647656,114.67791053886025,Loamy,Wheat,37.81266729431458,1.659828525197648
21.232305728721872,61.14358745449622,158.60082975165244,Loamy,Wheat,44.952769178856144,3.0088522873440646
25.259573075890742,34.05675381553289,230.86195446250025,Sandy,Rice,42.46008631598135,2.515579085944731
33.888778463576216,78.0213904693417,52.26354039509275,Black,Rice,9.957856038422069,3.885819888983759
20.71995413729056,44.02272491462598,197.3634973711743,Loamy,Maize,47.8583021941547,4.4337870174543905
16.924497745719826,62.400714876270634,203.32292122184475,Clay,Wheat,19.45714558104366,2.5967443073552943
22.2437863228442,82.80474525368749,209.4220617239839,Loamy,Maize,17.62279239751798,4.771559389603716
19.03053218135011,69.05264214283164,110.5055199952193,Black,Cotton,4.059135036611236,2.125334779191188
38.242441308564324,61.977467193080116,228.5131808445317,Red,Maize,24.822509051139267,2.9315428047641108
35.20300948911043,49.460025186922536,72.8478715829441,Red,Sugarcane,6.341667166405506,62.10044334448345
30.835093912760584,49.98011478349187,99.8175841167002,Sandy,Rice,13.178451225443874,1.626213135428911
36.786514754692945,70.1692173118914,269.36751166362046,Black,Rice,16.53018846659679,3.085889583700562
35.09180192247786,89.64836167327005,234.6807876816416,Loamy,Wheat,40.632489851092515,2.263864682543848
19.664251472150895,69.71035139096271,53.436388502836316,Loamy,Wheat,43.89894386939893,0.9770653567180212
37.313974962249446,63.46700504220149,112.09406509245005,Red,Cotton,15.820849555612014,0.7128710999057659
28.48355604789127,73.83903061435477,103.60162074829114,Red,Cotton,43.07620794098412,0.6882846328646587
35.18600387910156,57.91233673702309,117.70158200924314,Clay,Sugarcane,43.00431593111976,69.46829297614968
37.40228249808733,33.60854055604711,111.8899425699716,Red,Wheat,38.467896568858805,1.7059128296217778
22.950086874296595,63.73780895267459,65.63157393571143,Clay,Wheat,8.188060586743894,2.3442058136719344
17.75129811319192,87.45751707032281,164.73512914920508,Loamy,Cotton,34.82581949813572,1.461563399459712
20.698379063548543,40.51817654145958,233.1833686965413,Clay,Cotton,47.30617916444787,0.5837310710888861
25.677694715656408,71.40029344923994,201.68293117935912,Clay,Cotton,34.4444834595907,1.0499247726988405
35.45036914806233,42.05602131954339,218.21791714951993,Sandy,Rice,17.249225606283865,1.7414091082548677
36.51826458140859,62.14966106838487,70.28729463405979,Red,Maize,25.52838655411073,3.813793910695226
15.173803263279767,35.800586978803175,287.8726775441968,Clay,Maize,32.640527124201625,2.2307189781593135
27.768682564439143,57.02225617549111,259.6229584607562,Loamy,Wheat,26.017950027696674,2.104740673118266
25.435275078719474,75.36979973371476,251.27257962391568,Black,Rice,6.8776941448175215,3.82035946886717
20.552695261768257,50.85429145433892,255.74595126044187,Clay,Cotton,16.29113818794901,1.0377274191686068
17.99663418334207,69.89470346923308,283.17762703319033,Red,Wheat,40.31740549712799,0.9318125392266418
23.4403792850907,77.72699764738375,186.06349152842444,Sandy,Rice,43.209484258680355,2.8985850437952108
38.572742597812976,85.63066916876716,100.07050446690647,Loamy,Sugarcane,7.7277016030629415,82.82650952665487
23.080073300518883,44.078524911327214,204.1959019631353,Sandy,Rice,47.66695086753751,2.539633556531126
27.969765543584153,53.958954948558485,235.72037341698476,Black,Wheat,17.112308274581856,2.241490279339338
32.57547397237944,39.14496079982504,234.47934833850636,Clay,Maize,33.45337319780528,4.189878989940823
24.09074005948235,89.5490101295025,180.36225604172003,Clay,Cotton,37.839432151877375,1.7661245755132178
39.29455206802402,85.62005807545772,67.11467983339452,Red,Sugarcane,40.78536549725629,60.97578805867476
39.06118237355278,62.39742781683358,142.77823460753194,Clay,Rice,47.34173540907058,2.4858895498192317
21.294557395634104,80.52199766258528,280.19165211583936,Loamy,Wheat,16.333057853412306,0.9221223164344271
27.431212647309636,61.25747863632253,196.1122274393565,Black,Wheat,43.06681627302617,3.419325333791358
22.521957745419243,67.41514128016559,184.58298581392836,Sandy,Cotton,7.452658268374145,0.6310899824629741
22.12101235943669,35.34746592696099,117.21337859554838,Black,Wheat,35.54700441132604,2.0765391557863495
15.92217368386332,75.31622522980848,142.11222997914473,Clay,Wheat,37.35690874618531,1.3712236297069427
30.23910834949742,37.66280901811409,273.8365222882923,Sandy,Cotton,34.2084388188647,0.5
27.56697558072154,79.5640578151517,216.61576188170892,Red,Sugarcane,13.363422070622496,61.91167723274929
16.286968781249733,76.92168526022316,246.84675668808322,Black,Maize,43.77911420374497,5.4603036924851045
21.966161605915286,72.52468186457858,163.58635576691378,Sandy,Maize,9.274064705149355,3.704061272508476
37.70664714916634,32.169622831485725,207.5618048640395,Sandy,Rice,3.628104784520711,1.2417397852952958
20.989047266674312,48.187701356719714,112.09590218580189,Sandy,Sugarcane,36.1557845399837,55.37414019116253
18.622371802280576,45.78675419465057,226.36520757087158,Loamy,Rice,24.29831004640395,3.5784853910926526
27.236319006939077,51.60818444829114,156.90033342583433,Black,Maize,42.605802977975124,6.5211170079584955
39.641261352765014,35.25856480583031,160.63637870368638,Sandy,Cotton,19.78645991185469,0.5
21.05138178778751,86.21746938186376,212.33058114422042,Black,Wheat,9.245650836877928,3.0730127658159514
31.803388685146963,63.22813444274258,284.0701553672317,Sandy,Maize,41.985667431023614,2.666792223329226
34.04049038321794,48.33145863948141,66.00158665215523,Red,Sugarcane,27.896571950363512,61.515970521969564
20.940938599809993,53.818891024457,256.1858093367519,Red,Maize,10.270593827127389,3.0519544789791686
33.205408715296485,56.83215243029014,123.09577760304828,Red,Sugarcane,36.29881593073584,62.71720462836668
24.194578317981332,66.03566000163704,160.97986362659447,Clay,Sugarcane,26.044568285985527,69.37247992054685
30.807645764839485,60.94076566178987,55.47833219375224,Sandy,Sugarcane,30.611336129775673,53.992279305888054
30.838242769022365,85.16351839286504,125.26151945857826,Clay,Rice,23.584018572122513,2.201283692435366
28.394367101868962,59.817808974349816,175.65781065753262,Black,Cotton,41.60674020708231,1.7718724802734678
17.257244251360206,89.52948088939877,64.04401933685975,Clay,Maize,41.648573068469446,3.4925389375372573
35.88256238973095,81.08549746470575,172.77393234579128,Black,Cotton,35.760052269394926,1.1950231804564928
23.019501624293397,42.51063086144015,281.77765721460685,Black,Wheat,6.164667492426651,2.2356691277030176
19.662962759996354,85.83571287863498,76.34830452695131,Black,Maize,42.103839233299375,4.732268890256097
16.0193785388691,36.98198387312856,241.1101820188761,Clay,Cotton,33.87963604611258,0.5
29.772323579706047,79.04698250947149,152.41776334399816,Sandy,Cotton,35.154184134210674,0.5
31.93910904605706,52.837397608594806,213.7934286310845,Clay,Wheat,18.78615917978971,1.8259104008503537
15.414695723196404,82.67845922670418,115.05914949630734,Sandy,Sugarcane,44.084698251693325,54.630175228699336
27.802326457482025,82.08340140644702,89.87306563533957,Sandy,Maize,36.54320841150802,3.0232788169412648
20.66239437994845,78.35552400705727,90.11565356780662,Black,Maize,6.516932859930529,5.461014578040202
31.129319760236246,77.40182617842368,67.62298641078615,Clay,Wheat,20.98112368590197,1.4231536620483694
19.359160725124788,48.280748345882444,96.41167622531076,Sandy,Sugarcane,44.43263773604694,54.194645342896905
32.27344345256165,34.85515698307513,216.05484624724207,Red,Maize,3.3126383831715707,3.5081722383501384
24.668383657513434,54.178810725909685,270.42265296087703,Sandy,Maize,48.10941436246043,2.620246698266083
38.418249718418366,40.41147089919052,253.53142139779047,Red,Maize,34.278965847658576,2.4418240630319357
18.43802360364983,71.69706533414771,221.28357746862102,Clay,Sugarcane,31.937422904525455,69.52537163171885
23.52665877625646,50.76598359226713,77.60796585277566,Clay,Wheat,14.25740356791158,2.471843332483897
17.83683803101473,88.53661205159489,122.29686157398746,Clay,Maize,13.190797648219677,4.017302875667078
38.11734045696407,68.45832464071992,127.45171883061724,Sandy,Cotton,47.160852754941175,0.5483307789581576
36.93348383452452,79.34883381806165,112.4892365994053,Loamy,Sugarcane,15.615350257472015,82.63541872348952
21.44854069287889,37.95148036451091,178.75141492743077,Sandy,Rice,38.99975953923097,2.413999741520786
31.499601150854478,81.72086893635736,183.88845371991815,Sandy,Wheat,20.26296811214688,1.5051713894592635
35.4305550050304,85.36543143080365,139.22149379277755,Black,Cotton,7.8234494684504945,2.31907943695225
28.880020289986557,59.22371512913615,138.44728968410902,Black,Maize,1.5250495870725884,7.41157922630589
28.24126445890016,66.37517626505866,257.13889947652035,Sandy,Rice,27.66860951374729,1.9841746596903902
21.046307272511292,75.88858805417973,247.3232120799214,Red,Wheat,48.8131621088977,0.5
17.32756919514748,40.49031763562475,126.94895792018642,Black,Sugarcane,19.08767349665102,89.51980215502587
37.43039394883317,60.15396458780654,278.44711096831486,Sandy,Rice,18.5024243656592,2.1966783420549456
37.51045142908326,53.919781666338785,288.2037542506265,Loamy,Rice,17.860489274622662,3.03016183349422
30.827536431831696,38.782439529734944,131.6856355075102,Red,Cotton,26.506648027938063,1.1141515677007139
23.475744776217518,52.05206533749188,138.60623719826373,Clay,Wheat,22.592579287790382,2.5674719618409707
23.73023936531652,34.09033856312961,176.40853835548972,Sandy,Cotton,44.11581670962371,0.5
33.14889197175599,31.54871441696922,285.28020313341835,Sandy,Cotton,25.770518794451025,0.5
37.42775649881443,38.109977349289366,269.07985828557787,Red,Maize,25.88013407123987,1.8384080134522427
37.177160606627936,87.78690669535044,75.64199064589745,Black,Sugarcane,7.7802081413072735,89.45647965048971
34.496888646440595,62.97177215370102,148.18268581785406,Black,Rice,49.154237504608915,3.9971960979054186
31.050791153857194,87.94932966919319,188.34279743744295,Black,Wheat,13.248671652572654,2.547371532134709
17.103499124876222,55.94987269980792,175.78311813788503,Clay,Sugarcane,4.59483930552053,69.7628197940876
19.040717852365344,48.70896798511558,98.46576698422317,Red,Sugarcane,33.494166199785234,61.83602583592941
37.463854713176985,60.36851177041464,264.70419279203867,Red,Wheat,30.17295213768676,0.7381701633294575
30.160726491489747,56.37070131797461,219.23519574920934,Black,Sugarcane,21.34213704564454,89.98234387846725
15.229926290415742,36.33988105570464,259.47709371295093,Black,Maize,21.687419460153226,3.7755215522879064
17.536788571650803,68.44957888141238,264.69106983736805,Loamy,Sugarcane,39.46813213127513,81.54886369905762
31.587544227701397,42.96229095057598,237.08896341643495,Loamy,Maize,10.589919364882803,4.816097214809065
15.126539596155467,67.17527729386978,159.80265031242934,Sandy,Rice,41.1924126282996,2.2536899679971847
19.020201285437466,69.01206554388921,202.63668875385613,Sandy,Rice,32.78860858085589,2.5476442461462563
28.718344734164653,39.12149118771889,90.09135152993579,Red,Cotton,21.529518915196693,1.156517610920857
32.297379942317335,33.680977626640086,218.41135436872693,Red,Maize,23.443402212609563,3.5239583162273975
31.299031487565014,76.84569516410639,94.81331393482019,Clay,Rice,13.575713152118693,1.985763519399654
20.606732736513994,57.588025426159206,223.4873976275392,Clay,Sugarcane,37.853602302151764,68.64830852494653
32.8044805336884,33.48982773032855,107.39954018849217,Loamy,Wheat,26.13086237295812,2.5223605833289753
20.931227187420003,89.69197903018602,79.38782503755499,Sandy,Wheat,16.721872594742337,1.173100865094656
23.134992453981695,33.466833659782,91.32112253573936,Loamy,Maize,30.206455672286562,5.914016313350263
33.662285127950604,71.7021137315132,50.498033804767566,Loamy,Cotton,49.79098815051483,0.5
31.240822476180366,89.02073551580482,229.68490446338257,Sandy,Sugarcane,22.327851703171138,54.89477932196811
36.23058526235445,44.350806252955536,233.1002622645948,Clay,Maize,46.11387863815236,3.4806215443147104
31.440322307508584,38.53496212123177,178.73333747831487,Sandy,Wheat,17.905825156303738,0.5412318189343226
29.20771508338679,37.283096365345735,90.34070026384592,Black,Maize,3.681902639324308,4.964775557412736
17.341869195702312,48.196508854055736,70.88858437767243,Black,Sugarcane,11.007863212053016,89.72117348680462
24.19289507648584,36.0627486606388,54.78224160932175,Black,Rice,21.516062023056527,2.876538788982153
21.630059192043134,71.52968050164792,91.43704424130517,Red,Sugarcane,11.762111501133882,60.97832678949642
21.09974108447709,33.73750788780376,272.7138837457867,Clay,Rice,1.0111248726945212,1.171977085203741
39.325263868811135,60.56532768898738,110.38421042542043,Clay,Rice,45.83507534962884,3.0058391845760695
24.82744311666901,89.8018112311786,138.56783180430392,Red,Rice,42.35009115031552,2.6386806198861974
37.30116387942783,78.83821617036114,76.3363711203333,Loamy,Maize,37.37231934286041,3.9615633451679098
30.778465649931572,66.91316629386066,105.59032618704256,Black,Wheat,9.222915186655403,2.7359057359137706
34.870282588541215,48.3752172471967,179.80614269505128,Black,Maize,6.897815234289316,4.763867582737391
27.5659273276298,67.43375017749831,201.93817077391313,Loamy,Wheat,4.312632724146774,2.575445330909358
29.422597115658977,61.6224878346991,111.33807854155276,Sandy,Sugarcane,36.47743024987314,54.44960214890268
27.312942345471598,55.565003033422286,64.4330398062793,Sandy,Cotton,46.51159007370638,1.1338039111371123
19.881074694951113,37.84262260441197,147.75821728184968,Clay,Sugarcane,22.09625522473881,70.1246532199929
33.06130288153763,83.196252914428,108.55084273158354,Red,Maize,6.83789292780636,2.055486368255808
22.019309061021396,56.98707892927935,104.88848080745049,Clay,Maize,26.107248215873224,4.105027010049119
15.607899160786346,41.6773507092459,289.9657006783638,Sandy,Wheat,18.092763465472878,0.5
31.136807397679195,52.06556105263738,204.075121481431,Loamy,Maize,19.366421293149887,4.9064773830459645
19.427766985176223,54.84778515173562,189.21961079302397,Clay,Rice,31.445200583629656,3.7269131565504843
38.51146460882286,79.65227373401245,153.9437758808305,Black,Maize,36.217187549847914,5.158838144973338
38.84821442506468,74.01686283368412,157.23608335753607,Black,Wheat,6.419576344784882,2.8107654571320793
37.871609755511216,76.15829361848039,185.2262509595202,Loamy,Wheat,2.7439213095173427,3.7705186121603234
24.25396750638611,30.661875865718834,224.10745175902682,Sandy,Rice,49.72218483160003,1.7792149212407606
15.386415413221686,54.96923989078569,225.53652404545736,Black,Wheat,12.40368909686204,3.446460258171928
38.20796406469313,58.88064909811942,92.92347692636238,Black,Cotton,3.6376957205144946,1.5974433766857723
25.704603707932858,31.151536609383403,175.02818801915674,Red,Sugarcane,10.303891125700078,61.86066417006154
39.16637047609174,45.58879252470206,152.98952375852548,Clay,Maize,2.9089344710747467,3.6131950955164833
39.09049942723132,75.6173893873281,267.631741567346,Sandy,Cotton,20.198733836241413,0.5
36.325236386684,38.22658234373994,207.85473030459409,Clay,Maize,40.31768743811489,2.8564859621213796
22.36122230173964,62.1186078871555,183.12601660399545,Sandy,Cotton,17.72097803812831,0.6624958081060676
24.62744321504813,42.91211232103425,78.84866054472934,Black,Maize,22.76498693703996,5.216570712107495
36.27841678792142,30.727246478633596,201.40947233085285,Red,Rice,34.103751904804504,2.083201137831687
22.923050128906944,44.472087455972485,79.30097642005836,Clay,Wheat,25.93580943342413,2.7916026256359037
19.237318667152312,88.55242529460322,134.301643891438,Black,Wheat,43.210838615044885,2.6413566529808
28.920031561458753,78.09222671297937,85.71049120358296,Sandy,Rice,43.43574807724207,2.230017822892361
38.40386935401952,87.574598659262,223.01841175609223,Clay,Cotton,1.4856240790665285,0.5
32.400744916874324,59.27124263558174,101.56302845903815,Clay,Sugarcane,39.12426901767676,69.66116221190195
29.251529252234125,36.584171920650206,147.9648432970065,Black,Cotton,23.57594641184202,1.0379141213078853
17.429412344269213,62.87756933842158,273.91869440469463,Clay,Wheat,49.45318652387949,1.7239255224488002
30.375180667479242,57.26264007359765,101.07909584974257,Red,Sugarcane,24.678371717896322,62.14682224995451
39.75134625260658,80.66142496437695,176.95126598969478,Red,Maize,49.35790132402658,3.019365056815289
18.5021003809131,35.88495484705467,154.8179152915055,Black,Sugarcane,37.97389869908109,89.99449260411228
27.958241309093417,59.29446822130669,54.531010261432435,Sandy,Cotton,13.181639346052009,0.5
36.93432679819888,39.00291988163906,248.1895283932032,Black,Rice,27.381353985060926,2.577311518856403
33.51921544385511,49.480555613403595,67.26147657864993,Red,Maize,49.614646334450555,3.4545251838813065
32.4253935248817,74.24142464326798,168.5637552442384,Loamy,Cotton,43.01899977984426,1.5642326685388654
32.56210209967773,58.56108776212599,190.1695737347375,Loamy,Maize,5.770977795769834,5.037642545320628
23.98727878049388,52.553297108746165,207.10661415364677,Clay,Sugarcane,35.61222784368981,69.45106271498119
22.339796106612333,53.66857671420212,222.15790732696888,Clay,Wheat,17.93339970766984,2.069437407955596
35.23402888696284,57.5668061043592,113.31809588067877,Loamy,Cotton,1.3421308321370577,1.0763498615758895
35.25283486697952,77.10099263022342,52.49469416461234,Red,Rice,20.77056748232298,3.0007834586139697
36.67680796450259,83.52508133641406,230.860915588728,Clay,Sugarcane,12.502966664523594,68.50742700841086
37.83101381391178,87.3200811902357,183.91414983689464,Black,Cotton,41.124594255503105,1.1364404738105283
27.783559971523445,77.2142031753177,259.0294258018122,Black,Rice,17.529199833442508,3.3694380287923824
27.53790736717999,48.924413744880766,255.34709072517356,Red,Cotton,41.54866100373704,0.8745018438839756
34.95737947416938,71.28808236519254,260.8315419469708,Clay,Sugarcane,1.02929900290497,67.77427002465492
31.24909826944413,56.25618744332351,171.27366499488505,Black,Cotton,16.08313835127984,1.5640448149607817
32.54917193144259,45.28023732276307,133.4070989592164,Clay,Maize,12.817095501080335,5.008879957345488
34.89481673590252,80.45229476555537,247.8895506478425,Clay,Sugarcane,12.444800692361937,68.13265534945069
37.250133545439155,32.3055809377395,162.82352825731374,Black,Cotton,4.341144368507672,0.9236950655521385
23.449878921288395,84.1057195281254,95.86054910085863,Loamy,Wheat,10.169089250114585,2.501827895530336
24.389573815998602,57.68864787748405,263.7435048903686,Black,Cotton,28.221928924395375,1.8109098763701132
17.349548496021725,68.23208860849682,270.6399691930868,Red,Maize,15.27669256904948,3.057063187677877
29.45700352490435,69.56123533234697,166.57743903504252,Sandy,Rice,21.45234433412825,3.107281858300644
15.898556844918552,83.70706444239218,68.92493182744687,Black,Rice,19.466477137012237,2.8352579203028125
26.639950453311506,68.20018093003245,146.9565224792328,Clay,Rice,43.91934132499483,4.198138664363526
28.566115867689415,66.8360150856037,250.88441486565085,Clay,Wheat,45.359650951515256,1.5866003682213734
22.163531303207108,33.999122433641396,275.4435071365572,Black,Maize,25.154891611137142,4.6282743258195485
29.770831514225268,61.104481316712246,100.86818562439896,Sandy,Sugarcane,17.177641565464615,55.85279790102087
15.762506248476235,39.010140049022496,66.74340300631788,Black,Rice,6.233234496115818,3.8371249801030856
15.933704718730361,74.24602612328914,269.33761328320963,Sandy,Maize,47.71674108972265,2.2439148211159785
35.56501401649146,60.73331524876047,147.35123474471882,Sandy,Cotton,3.9511203001145754,0.5
24.00476603528157,70.8136667525012,185.44024106689082,Red,Wheat,15.584863600845742,2.056811628355003
18.17651281629712,32.50037403614306,292.01645301268974,Clay,Maize,15.605243857330203,2.2963308976255687
28.05608150137011,35.087520962748194,66.64118197855572,Clay,Maize,16.69966302087053,3.8708808161706965
34.24983882746527,72.97940328376094,212.0795018630239,Sandy,Sugarcane,9.050055320348054,55.15260406783911
20.395525687421078,34.325060159920405,68.52635564371677,Clay,Maize,39.37491011526116,3.2905255326152476
30.57226189547501,34.27540366591552,143.86723211662508,Loamy,Sugarcane,7.002395236333472,82.81204656181647
17.1336866248442,30.726508514093247,250.9536362983617,Sandy,Wheat,32.110426298504976,1.1898285362984249
16.292043029215193,87.39008389796881,158.3680581889086,Clay,Wheat,7.068455308585055,1.6315461081054505
28.283865789203702,74.25050156754043,299.2955884757376,Loamy,Cotton,4.456246242054871,0.5
28.515878040252662,51.19508451012385,189.76482123665053,Red,Sugarcane,45.56204568060795,61.83412399931386
30.935747537455164,47.792134877259315,130.29053815898837,Clay,Sugarcane,10.316309549616578,68.98446100820522
33.15228334306654,50.982193784750976,105.02783147618828,Loamy,Rice,41.24125757342551,3.331626496828801
39.396301986563365,76.47921187087091,137.63013357154045,Black,Rice,27.686912684249656,4.449597690608854
27.907508707529885,69.68223666422486,143.13331843988772,Black,Cotton,4.81496946082971,1.0933562929508802
23.073911823531148,41.11173407204808,67.17841943099025,Loamy,Wheat,47.81696138046531,1.8564342612046567
34.87965486921759,40.44656012004506,142.3935498566933,Sandy,Rice,13.101097182602734,2.215135234779524
21.770806281551856,35.90373898280384,166.05962993480622,Sandy,Maize,43.122621922277716,3.301141904386754
25.9742855176409,69.61816318208028,230.68443805970117,Clay,Wheat,9.271690283443645,2.7979954986416296
16.961409533556647,75.86235973330416,214.182371180402,Black,Maize,42.84320122495079,5.911618426589572
15.633768585386438,45.90278569950024,227.19141380728857,Sandy,Sugarcane,1.6482118323594053,53.67746142721417
39.06621036694813,31.25669766185477,52.090920469214275,Sandy,Wheat,26.077242371904553,0.5
35.89950301280514,34.93030004858564,104.41684989513402,Black,Cotton,38.702686391656286,1.1102849804682955
32.39935515234245,88.07160209070183,215.42107209996414,Red,Sugarcane,46.804980357146384,61.07779686133765
25.223823610356746,47.72668664864521,170.99734204493677,Sandy,Sugarcane,45.55090467411787,54.937355961014106
19.332358001771144,76.15338887028801,51.328368917086486,Loamy,Maize,41.1616186078346,4.4148942605839885
18.91092606677715,67.47981413125584,251.12366060795557,Clay,Sugarcane,44.5213761334039,68.65006207380141
21.256072454114882,52.91637837917375,243.20239332258436,Sandy,Rice,10.76176460601675,1.519623037241287
28.730666617653014,42.341235731733306,187.10479074839066,Sandy,Wheat,14.92503048987471,1.1772011037493622
32.86489806750156,37.283185089564384,66.61583144406802,Red,Rice,15.159457721131867,1.537556349163065
31.504934417943282,66.900778082332,241.62876238314615,Loamy,Maize,19.475642619083242,4.414704473014094
21.99834742364857,76.47802683826728,195.928396932841,Clay,Maize,20.272712848874246,4.331794914783542
38.87163201657985,68.63425521246785,245.4899942894898,Sandy,Wheat,27.683210908079097,0.5
33.44742291739421,61.8181279949495,237.9367480989601,Clay,Sugarcane,8.834108404955629,68.3415563164929
28.858851312785017,32.517073405898174,250.75051798945927,Black,Cotton,34.871086525513476,0.650252651041369
30.293018655858805,88.10932665566303,179.5020166011562,Sandy,Maize,9.210760425920817,2.8747661655046666
25.490001560694747,77.92285149927447,85.08112954837875,Sandy,Wheat,16.20511562312283,1.5058464339197972
21.193274737528938,47.56932220205788,217.78936834492217,Black,Cotton,25.663911399701547,2.504285417723779
23.89931696628154,88.79821976153104,205.11844626299265,Red,Sugarcane,40.02558751465039,62.10387984925772
33.94615276160923,66.11289537817933,235.5632967997718,Sandy,Maize,37.23399242869763,2.8727671598778173
15.359837215743896,64.94535949243479,92.47025151268383,Clay,Wheat,32.631183464115594,1.7104806794255687
17.901816012672906,74.88439076577193,98.7437999750723,Loamy,Wheat,8.632889768428338,1.9449080872202131
16.15006605054382,78.70618728540825,272.6023793048321,Clay,Wheat,27.80522193516331,0.6932487563458138
16.018220057974254,69.38871643989016,237.4944496130177,Red,Maize,5.2848785881943865,2.633025932863286
36.38651460027518,37.685744781972005,277.05712217508074,Loamy,Cotton,19.490795663035886,0.5
32.591446484500594,50.296050359669906,239.6788302909802,Clay,Wheat,21.262309984208,0.7039196682466999
26.85434572718313,85.685018419563,199.28882649757546,Clay,Sugarcane,2.9507605328419375,69.19696094006744
17.445854016275035,43.476936710631115,213.5331842569684,Black,Wheat,14.425416874028619,2.497879797738678
27.29039687792081,52.330021430250795,272.2819809850025,Red,Cotton,47.82682389605798,0.6759348912034695
26.836794269514144,55.92461297665176,194.70168862798513,Black,Maize,47.727997783654786,5.51768156520034
19.33004674775038,56.36429938166713,208.09783108209686,Loamy,Wheat,18.264025658374425,2.21212515677877
25.846291230949326,66.77637494967152,89.11917900090015,Black,Wheat,3.1119053384678788,2.910015369948883
24.962618359934336,86.58455026468246,168.48030502902566,Red,Sugarcane,9.775652027080895,62.0663122360359
30.39625245130541,44.4415627099503,229.09927798952475,Sandy,Sugarcane,20.218671878243466,55.03120005727596
30.877341271691094,37.290082578055085,117.73567457909135,Sandy,Wheat,47.44120520049226,1.7276937502959937
16.132600244301113,41.848229391596234,100.56354513113374,Loamy,Wheat,7.918754113322061,3.251741593126027
24.36531536566178,83.21549401255618,128.4567020561039,Sandy,Sugarcane,38.4122763397424,55.04077683633406
30.646497892855912,68.74864875931236,110.37515699820835,Black,Cotton,6.325444429359912,0.5
27.578406464502194,47.15440735434961,103.72815925909896,Loamy,Rice,49.081621292172564,3.7467381299374636
36.41224602970806,78.95681633811704,156.21271071702174,Red,Rice,19.699208456347613,2.7034532271862175
31.467340790473624,81.68219978180616,276.95962847088356,Loamy,Wheat,38.98649240605374,1.9306580256574437
19.073360677035744,80.79086032141669,176.7649116846796,Loamy,Sugarcane,17.78696305774546,83.17200384621852
16.764218685010746,85.13559201837327,96.98009520383076,Clay,Maize,31.755774980781627,3.3071612793765306
31.06048195515789,45.134461210401696,69.24291734521852,Clay,Maize,10.408788152261799,4.449176478610102
15.662782763540545,75.3025157247767,224.0390362844813,Loamy,Rice,8.155029945551163,2.769830560555567
29.64438953183658,57.632369836448404,145.69969110909696,Sandy,Cotton,46.96514283883843,1.1401024069471897
38.50575603562394,80.5199131734037,255.4577366463398,Clay,Rice,45.96471661731724,1.319781647856927
29.386854446896976,73.70944062969679,214.87769216019254,Red,Wheat,44.48597807043124,1.5674799245043762
24.70424815516305,76.58684678998347,249.06036263534213,Black,Cotton,31.64623905816308,2.0573747249914964
31.08220546105883,69.36971026086428,117.9865098546122,Clay,Maize,40.605142349597635,4.117897658326489
26.456322262287916,40.645726168182414,223.08973061526453,Loamy,Sugarcane,4.382809908657371,82.74180117804987
28.640419732898373,62.7016151338163,116.0154961734297,Sandy,Sugarcane,17.40466305264328,54.57612066822442
38.53662021941313,89.0801843714705,284.76711986257294,Black,Wheat,16.371453113100657,1.1503980100787055
24.652565945019354,86.24328398982713,209.0935703833436,Clay,Rice,32.146620775678045,3.442070438637665
39.029764095597855,32.5904241478207,131.12795004383554,Sandy,Wheat,18.441930900061386,0.8364816957863395
37.63376604890159,39.888888943766226,117.37796557306817,Sandy,Sugarcane,8.27683230054036,54.48097402520477
19.89477836973241,37.903726407273716,97.73164626791088,Sandy,Maize,30.22688669526364,3.33298719723285
16.734032521879136,73.55879459911773,223.66023972343194,Loamy,Sugarcane,40.904812112784995,82.422141280392
17.519450034435668,79.0671197914167,104.67890324948183,Red,Cotton,19.724051228538684,1.2374459545018293
15.455545641288744,42.81068197864032,198.82581648187227,Sandy,Sugarcane,7.481167039825603,54.04841295912465
17.36107401889821,60.351161577109735,116.15875673133934,Black,Sugarcane,10.63772166832833,90.61154502413663
32.07516933540892,80.44218168067201,215.49223619846714,Clay,Cotton,12.636681953299815,1.4056401414791706
16.779716211505725,73.96809268597504,253.7349321351348,Black,Rice,15.694982056732275,3.976203084231894
22.974390757344032,62.5342323295109,244.50631078616328,Loamy,Sugarcane,32.496958454809146,81.96933500759773
36.12188277423637,65.42086142752638,240.21283273269543,Loamy,Wheat,30.446328742348232,1.7142086846952576
15.581798393395646,60.5016328149768,96.93060142306302,Black,Sugarcane,35.10791321678492,89.86738751527199
35.36171206472339,47.85290707912924,72.09623674612968,Red,Wheat,18.762597242044144,1.6649126541612524
22.046369369334997,63.90131957154097,224.7372071218464,Loamy,Cotton,41.37588494211894,0.7611109477117484
17.954120690541405,71.33311812300545,142.08680344858783,Loamy,Sugarcane,11.000295396632254,82.83244337135653
32.41842913410377,82.39937495164847,158.08655660083684,Black,Cotton,23.982996628389543,0.8976497631634779
30.7235711694971,68.1774812387549,57.78727319834776,Loamy,Cotton,40.245997355530086,0.6152444236896177
36.936800338176326,75.66729222258948,114.8941123187623,Red,Rice,9.827773738898344,1.7129519333408605
33.37677609509714,39.60429809727438,58.41910096861601,Red,Sugarcane,6.383292573298364,62.05639109697499
35.08702325962122,57.693448465187394,269.7964431503119,Red,Wheat,44.30051441671149,0.6278647394955847
22.050864314282663,30.559897189625598,110.84917080463262,Clay,Wheat,17.803553475200598,2.2176955136179752
19.43598859449307,44.80073187129738,189.334292393252,Red,Sugarcane,34.50963612054257,62.03345589682751
33.76536879102146,73.5877029067803,59.74483016528261,Red,Rice,2.2420816089329856,1.989406444428441
35.1708684816816,89.5085970809618,216.71184782641453,Clay,Rice,34.81229753206303,1.9384442462628184
39.76262855001683,35.95068597523296,130.75683643852346,Sandy,Rice,16.488964265801556,2.1734618999544066
25.315441922785663,54.08965895167729,274.47979673941643,Loamy,Wheat,3.7313018257846453,2.298395231821268
24.30045214481958,78.00425812194956,272.029547233509,Red,Cotton,30.880825315857734,0.5
34.41032401854992,42.24213807773393,131.32265459043694,Loamy,Rice,12.799386987585489,3.4908428014425903
23.520088506325447,63.30509695813718,275.24022392261696,Black,Wheat,19.95355486054212,2.292612283850849
38.26893314008912,73.98427776178049,299.0394183746947,Loamy,Wheat,4.9484598020391655,1.4609291628006995
36.4603187960753,66.95912701561073,256.353916030987,Clay,Cotton,8.210999303652322,0.5
25.72485068437546,41.28148407692497,261.21783693880724,Loamy,Sugarcane,15.600884539296345,82.53894493518592
33.771776694787434,51.323074121144366,112.25218402727248,Loamy,Sugarcane,5.398215527447699,82.63337324212246
33.86357185211706,77.02750706912383,194.17559971443907,Loamy,Rice,45.630486969629445,4.546569120630027
17.578096720898316,63.253590847921,66.81397849184197,Sandy,Rice,1.2963051160149424,1.692119434226004
37.56382266698917,30.313776812574766,73.72948420541744,Sandy,Cotton,24.709150724351257,0.5
27.63130931119643,75.65944560168563,299.72315300832264,Black,Rice,7.039125448495021,3.1644972778858795
35.66143665269354,32.118681296414344,131.65981235647774,Clay,Cotton,16.07627538441948,1.7032555154890314
23.00124002576529,74.74402696387392,237.0459780122116,Loamy,Wheat,46.37691843109501,2.1893143755348765
37.388080712405014,42.14883360991425,251.66626325670413,Loamy,Rice,8.923033110425356,2.615739033523166
24.73004196835408,87.48440880716282,264.5058177518073,Loamy,Wheat,48.3257836661983,1.950911318814709
15.270941287007458,52.07644507812507,299.4070743505391,Loamy,Maize,11.083924472481664,3.5142347776763905
37.63454941048159,49.615896980284745,110.37412131421696,Sandy,Cotton,37.33673931487465,0.5
17.28216691965334,38.93328301994668,60.08770671492493,Black,Maize,27.787185979968275,5.9794528636147355
22.982840939760372,48.33625292941289,152.7978794986465,Red,Rice,44.3394576522412,3.387736088365357
38.751549176270125,82.59904570969204,82.52016745723674,Clay,Wheat,28.145669519653417,1.317266262428311
38.7651786734389,89.78006025763483,55.60647229051378,Loamy,Rice,27.193401738659123,2.213252137625889
29.335947203082153,52.098571830410904,140.10670678537153,Black,Maize,10.577442018051595,6.880844721484307
30.795930304244983,56.916637857272555,245.93456276880912,Red,Rice,9.145238740531278,3.2587069646441007
26.211138049457993,73.32425629216422,191.54517280626771,Black,Sugarcane,45.907968404660195,90.68384643153465
22.330269292451614,83.17174682790447,128.1944973025885,Sandy,Maize,17.06407174365167,3.511940112621566
23.2166136342479,65.58266005120706,213.58550137317994,Red,Rice,19.232030493181902,2.6459397912370455
31.81296140192596,53.491541890669765,108.00454507720268,Black,Wheat,38.231359262991035,3.204897008911436
33.809363235942,54.75731045091742,53.59536151802126,Sandy,Rice,17.60235063871756,1.2730528599702073
34.78947609314621,71.73708878980841,241.08834660910685,Black,Wheat,47.651059885311135,1.7018439655660829
34.740453569863845,30.193095816256722,205.93577121600228,Black,Sugarcane,37.15846068094122,88.61380156730905
17.280152576217258,67.17536024759045,240.57565612524,Red,Rice,30.27403288609758,2.3700808492440535
27.360507617564537,51.329580626481444,59.7345041719164,Sandy,Sugarcane,44.163862866692874,54.11672403721022
16.438969000416108,77.65183987662505,259.27990695766306,Loamy,Maize,3.430689509124655,3.876294881355432
28.73822205809339,35.57943838938793,204.88155000907582,Clay,Wheat,13.596071917271228,1.7452474771913424
26.038262534334425,65.29213601690343,190.84883767816004,Red,Maize,23.786780376824588,4.431400975924626
37.19260456895749,58.858373393167426,206.1535120286329,Sandy,Wheat,12.12194843410453,0.9168920358186855
23.77287531380197,68.53953155431364,266.10831171709106,Black,Sugarcane,37.45135417780544,90.16340617380261
17.926675410690148,33.8912156689781,196.73412663972675,Sandy,Cotton,46.041193521632536,0.7263962740888927
18.574792051320898,64.79902724568788,195.23759497204483,Clay,Rice,21.764735876615248,2.5947289440963512
34.03776579293681,63.689075277571426,297.66978926644146,Clay,Sugarcane,17.764497405482853,68.55904505907995
30.455451582906527,63.639605664970254,239.182541767142,Loamy,Wheat,48.115985874740744,2.2208193288130804
17.528066903069757,66.20925999578729,160.57345136278383,Loamy,Wheat,22.7977692085495,2.747008069746944
17.102670152874936,70.58807623358173,226.84925000823193,Clay,Wheat,24.96337162201488,1.4852028451831303
32.524228286478,78.29933998084618,147.30761792294712,Red,Wheat,18.23084374475336,1.9291251019093103
16.819075159104838,46.18924320769286,107.21886562087475,Red,Rice,45.56787517759478,2.2794049780990293
35.546501482258904,79.50296461080373,199.21296922193986,Black,Maize,28.878818680810685,4.670640111270958
32.65605567891241,59.89534093580722,282.0455245284879,Loamy,Cotton,38.346554771900585,0.5
17.033719516047494,34.62349674805987,282.2848800038657,Black,Rice,40.77852919919343,3.040778515576923
17.120942852129797,33.51305575463875,135.47631952637258,Loamy,Wheat,17.75060305394565,2.4508396770544683
39.66598946252938,50.05429912176365,181.91936655542375,Clay,Rice,22.251022234698624,3.0122476904543483
24.356769893903007,77.09381862668806,102.9089746424653,Red,Sugarcane,42.57511694590697,62.181233317187676
24.26605367667227,72.46085608445495,298.90777737472087,Red,Wheat,18.7995122321147,0.9635147863891851
35.31998918143756,77.31689788034438,295.2794769669839,Clay,Cotton,39.90282153914071,0.5
38.68121443459647,61.03614338649656,212.37723242686184,Black,Wheat,47.10862380614742,3.2809031222279694
39.650026595571774,56.41193987732943,251.10351491936834,Black,Cotton,31.53730828033234,1.514213492720261
33.83445463147354,38.84715160237704,228.775040320925,Sandy,Cotton,37.33973708514255,0.6176731073217226
24.406489638272895,49.69156521655869,198.28955475986706,Loamy,Maize,40.44976829001561,5.716484823516802
17.08751791746672,56.04116197043251,63.336999247224426,Black,Maize,42.406942795935485,6.201274438800304
34.42867289818592,35.31602578077703,163.69108563816525,Clay,Rice,20.357613554983004,3.1168878974463783
28.960106243395124,43.236717162672676,218.69657554185264,Black,Rice,3.5119094996239104,4.142536183326206
25.605550231174405,65.89351764382434,219.38290347092118,Red,Cotton,20.691937290600237,2.079983738607106
37.6588596273684,74.1397868543514,143.28065460559588,Loamy,Wheat,34.0140552594204,1.2540834025507726
17.779937057653783,89.90085068357698,285.42299666450765,Sandy,Sugarcane,23.067168903258846,53.579801628243914
27.31562760727148,85.98679988061346,91.83925805919526,Loamy,Sugarcane,37.69919439215953,83.40912306719112
15.283841119185476,68.5539119721115,175.08986155389016,Red,Wheat,18.49213904396453,2.2823466773389844
26.716516049853155,55.27488319764432,222.7209941377057,Red,Wheat,32.102462914097444,3.075287707500987
16.407581892045933,68.17064188249395,224.2839514729523,Red,Maize,10.134570437844754,3.217869601388604
17.9704479067018,77.13909708481393,212.1597391922039,Red,Sugarcane,37.71910239560289,61.46873426052267
17.93815616942762,37.10017145540324,118.82205336296504,Clay,Cotton,27.739102471838265,0.7110893978719985
31.230257552901588,54.59429338177729,89.05164217165549,Sandy,Rice,10.999155038783428,2.3299234931376454
33.65112198163558,80.38813713813704,208.9850817066777,Red,Maize,15.303647501392556,3.8806541390643634
29.58421912742899,53.02997711598264,199.82552903485944,Red,Sugarcane,37.68182672050979,62.95020380004236
39.05431371186354,64.31233627363119,94.83900257231025,Black,Wheat,24.647460547414514,2.531420278740466
24.3717644880926,65.26616165173189,226.28478639264083,Sandy,Sugarcane,11.585540579260538,55.22692137078247
22.142802157046518,41.06857518801836,163.79299793341409,Loamy,Cotton,48.396288328144585,1.43478084267712
36.71497820473651,51.734126499137304,216.94014790078822,Sandy,Maize,36.041125971027505,2.325924366935266
20.589895962986315,50.07067732451593,259.34176994253767,Sandy,Wheat,47.89960679445001,1.410619251932844
39.08056348601528,31.571802511923888,92.4321071442308,Sandy,Cotton,21.92814722265682,0.5528346417458597
15.30386186724541,31.451505833481313,54.786216999209174,Red,Rice,24.279916693894304,1.2434435397890813
39.246970667690974,79.9018226205464,244.7756465989467,Red,Maize,44.999805593065936,2.563336724280732
16.0789977987644,46.38424859836874,202.42435628815397,Clay,Cotton,26.727417672023847,0.6358522709844511
37.27857784245178,61.084725974328926,224.90989240553043,Loamy,Cotton,35.65666668337769,1.447213494111531
28.192527727157497,47.92353441532639,259.53874374716065,Black,Wheat,13.356470997280969,2.209198853298819
39.82411990298251,86.44075470692043,250.70273370612512,Sandy,Rice,22.889596966429387,0.5
16.84491411838497,45.55780553194643,290.23003673220614,Loamy,Cotton,7.0490434247074,0.8029468047921166
28.84635711003302,55.779408764336104,183.98376971302955,Loamy,Maize,11.093021757971123,5.231690807726405
39.23256339047747,82.36381502907611,172.12390816497634,Clay,Cotton,1.0462273481139233,0.5201345903008132
28.07744610425372,80.51601400750852,150.4717999726825,Black,Sugarcane,2.9239875307843515,90.64888337325624
30.73496595338156,41.16608507077664,88.42276071105113,Sandy,Maize,48.886907335669534,2.8972178324332756
32.39371722461543,78.15859858774263,193.15180822050561,Black,Maize,12.875331061701353,5.563684914185514
26.36352661919433,57.49121320427356,119.2531310814947,Clay,Cotton,33.5022247656961,0.7593126613176041
30.688952002101587,58.97813232512131,280.32687805324383,Red,Wheat,42.11588524118097,1.3700007718831548
29.607857798077504,38.00879834495663,195.79770106927438,Loamy,Maize,27.98236250259165,3.917277891126946
37.52895026227472,34.836090825427476,198.21004512702754,Sandy,Sugarcane,8.504080504113853,54.772956424015035
16.136159508536448,73.6763584184259,138.7311652192525,Red,Wheat,36.677705429472155,2.4297831003061194
22.024079739805757,59.787669141317984,62.99733799442687,Clay,Wheat,30.41231909487957,1.2926706783983075
38.76028710191397,56.21104215691077,57.93594134324715,Black,Wheat,36.83127887802138,2.379782396765763
37.25659459727291,73.7704937191438,155.83378603829937,Loamy,Maize,38.717584519997274,5.5820121001777006
26.391418819642823,75.93077393946658,71.14134452430946,Sandy,Wheat,48.79510801655251,0.9987252152858556
30.50331494503842,39.53449006016122,201.71173888503478,Red,Cotton,29.10460072130879,0.9352248479552674
21.934529574528316,66.61350896865848,270.24325140991436,Red,Wheat,17.74041452183949,0.5
19.703028993094033,38.12124493666113,270.7287041296805,Loamy,Sugarcane,32.774763288111615,82.63938736621283
26.592460123499556,75.08250516174274,214.7613525330581,Black,Rice,4.3535947528886805,4.186110484606174
23.833805700651318,69.41730937602837,102.80795786823276,Clay,Sugarcane,44.97246859775773,69.1525089878763
29.5914027962718,87.39687726500748,265.749207839718,Black,Maize,6.8496695555716425,5.057020962941321
16.94336592412462,34.13748098138527,271.52335882830204,Black,Wheat,17.064299056405094,2.6293291654129054
39.35987019165417,33.423283269075256,99.16339623823967,Black,Wheat,40.97152365067993,2.3849640388581923
39.65526861199007,46.93122448159201,234.3565214426693,Loamy,Cotton,30.26830653820488,1.366652786130091
32.45404285049363,45.70234102415436,121.62988723178074,Loamy,Wheat,20.28814049359466,1.881001924012723
28.40240915860301,44.81872794431999,250.6600780882324,Clay,Sugarcane,24.19834730937605,68.85262773899096
22.738190407158193,84.3752748312622,299.3094749759007,Black,Maize,42.87282226690684,4.340307347546523
35.344875492673715,44.972771990970365,57.5065013323482,Loamy,Rice,17.660214916934716,2.6631671261510443
32.11827931384698,46.316983567717855,274.34146644773296,Clay,Wheat,43.6128345557964,0.5
19.065423483622283,75.56389574507782,205.65763339966452,Clay,Rice,5.318587117857883,3.141310449784244
37.77317961234606,56.984390547032405,293.3456547912053,Black,Wheat,39.063123423222905,2.205217309119557
35.56343107307923,76.60263341731087,166.2523793816069,Sandy,Maize,42.529834019682085,3.6482633596803757
38.7449978322981,33.92196945386311,261.84698264284344,Black,Sugarcane,9.909064989029599,89.26096488985144
33.142987709709004,59.25427162040306,65.5985171495693,Sandy,Maize,22.086980086237823,2.348066374889119
30.33537989839475,32.016816010996955,133.81976251957394,Clay,Rice,9.109488958519126,3.657117708152006
25.456075907265472,33.75919220732127,66.75413443780249,Loamy,Wheat,35.62360232071667,2.918095145117098
38.31821208385033,84.38624720066466,293.8357833697676,Red,Rice,27.23204063502118,0.8780146554701616
36.65159723751021,38.354722267055706,254.2434768179592,Clay,Sugarcane,32.13084398870773,67.95629394714187
16.130466752654733,61.94524093651303,263.1368553114926,Loamy,Maize,10.627861380854347,3.919172862262779
15.6591743624313,54.66573615604239,284.49130785847353,Clay,Rice,11.375547240568556,2.8218035079843435
24.41158417195124,50.84059957553056,71.27587152994634,Black,Rice,3.033368949985412,3.4442563424231687
35.26383326954583,83.99000074123634,146.39939812833336,Sandy,Sugarcane,16.781309224590757,55.238487639163196
39.68190323287361,31.30940380652937,67.75872226100053,Clay,Wheat,28.427488405350072,0.5712655430390555
18.760422277588205,69.82738117053535,102.69827538750715,Loamy,Rice,43.03881078586911,3.264529834565519
29.853267883803376,87.80366605281303,107.3414442594181,Black,Sugarcane,33.67944492547535,88.83731358706704
24.52227141577554,63.610091007710515,167.27680276189466,Red,Wheat,22.33441984658782,2.3234406590301235
39.24785994536508,86.20934772198551,117.14054186341065,Black,Wheat,47.70288560531275,1.70253290962719
36.05297307839272,33.13547275716142,75.24452670444028,Sandy,Maize,36.24301482821576,2.190715794904898
35.958217617778445,55.12759914444968,91.87277227352692,Black,Sugarcane,46.57809494026495,90.65803748643566
26.717328994874258,45.60946745772307,86.81889088802274,Red,Wheat,26.85181069033612,1.7942654715104205
25.37048755844163,73.84925789884379,293.2691994780746,Loamy,Maize,13.68630946486384,5.2704387204626215
21.835176798267657,88.8778254298348,239.8231267296184,Clay,Cotton,3.5885076318713773,0.5
16.409387416273177,45.39180374665487,291.9403663173905,Sandy,Sugarcane,36.578157722708674,53.218431382573186
36.61805940637633,69.25047608844446,159.93512162697715,Red,Cotton,6.943846902271172,0.5
35.32252522825194,41.88585796558441,119.59212041566416,Sandy,Wheat,15.835981285326392,1.1849618326780809
39.992941832153264,63.919815274296596,249.57329930229668,Black,Sugarcane,27.091074486310973,90.53769795374558
39.91592092684763,57.83594920130017,131.5634795102867,Sandy,Maize,28.656412801207637,2.195500376010768
28.885792640065688,88.32031977789222,124.84584342633707,Red,Wheat,30.428576652369664,1.9975939657834543
34.22468537951276,66.51163636178799,108.1264980519578,Clay,Sugarcane,9.146511187135332,68.63981531628791
38.619143247060705,50.97038232520913,82.41974455605884,Clay,Sugarcane,19.60713283626079,68.35074640418625
36.24118476693529,36.845747093276,114.11576525419149,Sandy,Cotton,31.242517128731368,0.5
21.18370254357994,39.07480972409607,138.82993711847192,Loamy,Wheat,48.52112436705545,3.318549854865407
26.263603382752336,43.519015797074104,218.4985520364326,Sandy,Maize,36.653925747284745,2.900252059961978
18.228985378787375,45.05799968041788,65.6412105548629,Black,Maize,46.207584097603934,5.5627481434434385
38.85127568146806,81.03696347046827,102.62673491633574,Clay,Wheat,38.348390857394676,1.5005868926968695
30.154365861272,63.6733672969515,252.2559100729191,Clay,Wheat,29.99413147572762,0.6804432716797415
20.71607013758657,61.403454682461984,86.73048089594269,Clay,Rice,10.409145087680884,3.6733106201771224
31.792517110146417,36.88613231215305,135.6612866306304,Loamy,Cotton,33.66759694273314,0.5
30.453206011447396,81.6083816009661,266.164730464535,Loamy,Wheat,31.545598732035447,0.7985734213047516
23.954067950821013,73.36885819250902,88.73132778586066,Red,Wheat,30.520989352406055,1.3090381714836588
17.838939804990726,34.0601017140001,70.68420890454748,Sandy,Rice,24.999507531423795,1.0780633425988453
31.78932988981999,72.47010583378612,171.13449877000272,Sandy,Rice,26.904173595474504,3.097797083823992
28.00769252259483,62.61229304055876,125.6048778196341,Black,Sugarcane,17.3876838287871,90.46784009788026
34.30795979339098,34.9035207448067,190.85209112096354,Clay,Maize,26.446321939472856,4.247844160004281
28.004087527799832,57.498038491719385,250.95122262086878,Loamy,Cotton,10.680239378245433,0.9062854279427317
36.3045375079635,59.08177722780282,84.2871220381858,Black,Sugarcane,40.45354547065846,89.91810307404505
28.797670969362137,39.94647240979654,195.17477113857126,Black,Wheat,10.103070780236683,3.0943193440982144
29.023449288384654,86.74188882001694,176.37719009746598,Loamy,Rice,5.163348204583855,4.148250566744293
36.91634006645863,80.99852228883972,86.01969650329988,Sandy,Maize,22.376055291500712,2.111946428725354
25.087071655309927,70.1413402397465,205.9996213822456,Clay,Sugarcane,33.25706453579703,69.04389595422467
18.35038071126602,57.73773366003643,118.41010446519292,Sandy,Maize,22.448124421743525,3.1573094637830375
15.719566907833475,54.70593249507051,171.95857963600312,Black,Rice,14.560952465614122,3.5843050037846504
33.87843139184048,69.05840802905725,70.56808106926547,Clay,Sugarcane,28.350388010631598,68.53864014888534
30.507738783836615,62.725912164414325,164.89601430340576,Red,Sugarcane,18.003114435197798,62.329292546947684
32.60199420248059,33.73638635291314,126.61586701070507,Black,Maize,46.71051681620502,5.650823134080062
20.32410403772277,60.7501589262199,255.5953027963386,Sandy,Rice,46.20961184057503,1.9408995809281886
18.409286889669243,78.38421703397037,64.24468174934206,Sandy,Wheat,25.616219178632676,1.5134177230240695
15.363616641697048,57.55439265581748,154.6518187295825,Sandy,Sugarcane,17.066315706894667,55.45779473550966
23.764688970164926,33.117394653256106,164.6078560328595,Loamy,Wheat,37.11948828387531,2.573400933134641
29.74794217136583,77.17669196304199,231.25151907477968,Black,Rice,2.798934230670265,3.835402472505964
24.806101127493307,42.08182692815846,193.57189377255276,Clay,Sugarcane,24.263681296138913,69.5583062776509
25.936873050593228,45.51725009328233,216.80308429854526,Sandy,Sugarcane,17.47984631924634,54.10886680245601
37.60396736234371,39.882381205937754,244.26232141293903,Sandy,Wheat,46.10625837002518,0.5
23.706386675582507,49.81290389228985,265.5507434145472,Loamy,Cotton,1.5881483363614446,0.6289816095367748
27.84973722899527,75.4050903413181,128.46887418061763,Clay,Wheat,28.087928910199103,2.539595174968801
34.591325318528575,61.16315157023624,184.50567634097573,Black,Wheat,37.292515472264675,3.315757209105065
24.913569558031753,42.29287644904275,260.02701960979994,Red,Cotton,24.76588138867802,0.5
30.552167505696836,82.66980468912246,297.36278274126414,Loamy,Rice,5.184748477973361,1.3560486439561055
36.55909271866863,82.77491129709175,272.37982776094077,Black,Rice,48.650608111367205,2.116789768919433
38.738015591441055,82.23470550276042,142.86681565609422,Red,Sugarcane,26.3825111374288,61.67760735620512
18.67683702322595,44.32777268289236,98.7916293046626,Sandy,Maize,31.095125971631557,2.607578886186534
38.16469062903736,57.07436065085929,172.34813435164716,Sandy,Maize,12.593879352667859,3.062456527466847
27.302907326988453,89.0993793684525,235.41036295901057,Clay,Sugarcane,24.691406170233385,68.21406433547368
21.45610970747396,76.32074857859942,173.1422676883244,Red,Maize,22.02832510595777,4.530789069992984
26.478393905956533,31.63004527353359,170.79521582841713,Sandy,Wheat,4.669896258097204,0.5
39.50081438213692,33.91227547562952,259.55760527045015,Sandy,Wheat,6.201857323825894,0.5
27.31545234982174,57.835882608739965,140.3509447667966,Clay,Cotton,42.036153461319955,2.1584596854334146
23.218790257187706,84.55321235169362,264.9486687029114,Black,Cotton,12.751177658122922,1.221157807975599
30.835021357918144,62.32210787716285,151.7012002379309,Sandy,Sugarcane,10.552955303432897,56.038431266182116
21.003640469454826,59.868750482057415,132.05827641958484,Loamy,Sugarcane,25.740661111256824,84.0836977515052
16.8965832027166,36.32842199739783,163.49747779992475,Loamy,Sugarcane,38.668609436763134,82.68443287878092
18.22199304776623,69.40680628345764,240.61173966871712,Black,Wheat,4.035379410370409,1.9161042515435092
18.20114597394431,79.32618963601354,81.50050696599857,Red,Maize,29.263588062274536,2.071197739289594
18.797567337807358,52.825200450453735,99.10480396800435,Clay,Sugarcane,6.841311699188095,68.85612899873963
18.470679316235255,76.53671105551965,287.861206415773,Loamy,Sugarcane,2.7865914904553044,81.5754211185662
31.021868620080365,87.8685992340487,93.87290684533934,Loamy,Wheat,3.584453655948652,2.76106805959697
19.54700210997862,42.22598754766135,191.93182948276365,Black,Wheat,41.87404130221363,2.708772506548954
23.64168208309658,61.39977787168448,194.82861666548447,Red,Wheat,6.780651697775017,1.6405995114525154
37.4197102476503,47.22827748507453,172.4061155125612,Red,Maize,3.2124168562023057,2.805251155212813
26.84904100657181,77.57126514203037,211.18631214420463,Black,Sugarcane,22.4570944700027,90.93866955228066
31.68894346302568,64.65560195286946,107.45668144940461,Loamy,Rice,42.35568012515922,3.935964444789584
19.307996780040746,68.07494505301823,188.16556694418705,Clay,Rice,13.858010447975795,2.7814930368628303
19.80722547021677,77.87484957695364,143.0433138117243,Loamy,Sugarcane,21.663918258769904,83.37531832397501
16.021715406661972,53.75822835974729,215.41681490729727,Red,Sugarcane,2.95620409562381,62.7205267665376
19.223376576804114,84.90540410442259,85.30588584328737,Loamy,Sugarcane,23.004847192608917,82.37127928403484
21.964758475798966,61.9817320347684,192.71935420986907,Clay,Sugarcane,29.30304095121955,69.72491509572
19.42526210691867,39.47728937012088,96.31758884583093,Sandy,Maize,28.974445633855094,3.3672152998718223
17.21756334392639,71.75394709012815,119.6607657787591,Loamy,Rice,17.28890791654389,2.926694937256394
18.01589677751502,77.59568102629527,104.67745008089581,Black,Cotton,16.46112585249364,1.126449509824034
26.519469200818143,49.0057006240516,95.70944496720428,Sandy,Rice,6.224557327893296,2.8917783161915995
20.158342960144815,81.43075541992518,256.4277378901668,Black,Rice,18.97311771166715,3.115372941155817
24.10674652620189,84.36859528594599,121.42689191522258,Black,Wheat,5.875238774775268,3.2895470393770427
27.58543177137142,46.614269242668534,281.78094546611237,Black,Sugarcane,38.56320129089053,88.90596354206126
32.25987071573413,89.01128836291332,292.4816313362977,Loamy,Sugarcane,48.347440589661105,81.40918843183609
15.982803496027474,38.442691682925506,192.81511748427434,Red,Sugarcane,48.53364837666864,61.406160930813584
34.98525997272607,42.1209401041494,85.75028066643159,Sandy,Wheat,43.3884838693943,1.2189936869589166
30.697509737272696,41.053490354281564,143.6370608448953,Clay,Maize,30.438815317641335,4.373354985770746
17.043975798721796,83.63938260047223,249.4330658370535,Red,Maize,35.342419164950115,2.68451020206162
36.839465602669435,69.2575531394977,141.84768217426762,Loamy,Cotton,14.97508433134029,2.795100097748667
38.02181001329533,39.12625699333637,71.75430457569719,Black,Maize,31.907750588458413,5.518826388518966
16.526948996371594,56.41940510210094,189.196227732047,Clay,Maize,23.326827922553996,3.122151464263238
21.921941203680092,66.91788150418813,261.2802128740087,Sandy,Sugarcane,24.61884964906969,54.373232464750885
35.15503199482653,35.007845099362996,248.9815967858756,Red,Rice,38.13105145838274,2.815821171690673
33.70649225959146,82.94498210444033,93.78078503258831,Red,Maize,14.813999424265331,2.7562885799134826
19.613025483909432,78.21621212649211,218.19115360311667,Clay,Maize,16.583940973031474,4.728288488572035
20.233733083417757,60.31240641459829,105.12606585891177,Loamy,Wheat,46.307447765303195,2.693535777033909
24.26180256978455,88.02759691555022,104.55188363804305,Sandy,Cotton,3.75499044769764,0.5
27.113074629775532,55.06565875650598,268.5179433262963,Clay,Wheat,24.79608062225368,2.0422656899462868
30.4563692882574,89.04661914218987,112.41723818505754,Black,Sugarcane,45.72723921998522,89.72531794708999
24.22284098924431,70.07519992821761,115.81183662950279,Sandy,Rice,30.907787383089694,2.8650687369800343
26.563367903328697,68.0802763952365,50.16334769032489,Red,Cotton,27.773946636394474,1.3493339034859033
33.68677345334392,39.9572937177471,267.6672585313794,Clay,Wheat,13.237464782238405,1.3675350833618365
15.917080072264948,82.91566549827864,248.14870330228368,Red,Maize,17.820498964157967,2.676819726699688
21.31092360860052,55.649381275236905,206.8322337726695,Red,Maize,42.75037237442995,4.496974889066865
32.83373964711381,39.734004346948765,237.56644098471057,Red,Cotton,28.401688456654448,0.5656724326737286
37.38017094217999,30.75645119854554,88.01214185612295,Loamy,Maize,26.222367494082214,3.809470313874467
27.791936052891653,63.585341018302955,164.58089864689384,Red,Wheat,5.8794059634614175,3.3329250072424297
28.30283713163289,61.64397732736058,137.8048468371952,Black,Wheat,1.7853796663010328,3.9012098612681854
17.679300283494403,73.16121734214951,73.44413156425412,Black,Maize,48.220574245665404,4.99834359853934
26.185309170586365,83.41548318106813,171.53262130373102,Sandy,Maize,19.47232219705524,2.2466898725190356
28.315431661375577,34.76439507858177,280.1849125856588,Red,Sugarcane,30.55744004287571,60.33887900261393
21.06176259086824,73.88978942042175,60.01477976267362,Red,Rice,4.906038586176964,3.0755075939616816
21.731080773734526,41.244716645854936,122.86522837344847,Clay,Cotton,34.47260000042928,2.059933281323535
24.432104077615566,81.49062318942984,101.88523405142587,Loamy,Wheat,46.695768726592085,2.7032871149730595
15.50177994444316,79.14381083169937,109.53666341642408,Sandy,Cotton,29.207597396873563,0.5
23.05197913957946,62.44762529913266,277.1086379698438,Red,Sugarcane,7.1796507963951175,61.03907244447257
20.286200174913617,72.61456791739869,167.01726355857255,Clay,Wheat,29.50435484620036,1.5299618387871923
23.187433804447867,48.861006791024906,166.5748532349547,Loamy,Sugarcane,38.55101344212797,82.69078766373647
17.99405329548128,58.27007393596888,240.14391061382057,Sandy,Sugarcane,20.914410292126913,55.72706622182369
37.263182018497375,79.2982138626283,88.62305100123146,Sandy,Maize,44.112049649131926,3.4170660860421163
29.839811338851217,57.55591183039283,171.8163385250127,Red,Cotton,32.78546471451086,0.7305407076323839
31.97755797861224,51.46789591952651,157.49630353026492,Sandy,Cotton,45.06319699617092,1.0011494962084695
34.729280965183456,59.65274683501799,199.22767263666404,Clay,Maize,31.551760251119525,3.371916082108646
27.46105497322643,79.6949551462331,299.88942581260966,Sandy,Cotton,7.4331106282363875,0.5
17.17300720218559,50.11248284225236,242.36222352051178,Black,Maize,16.17489384415427,5.806929723433758
28.427663545463695,40.42569558814463,149.4664257543568,Clay,Wheat,10.88795246437039,2.9711545174347833
29.671027950521978,72.72084121984685,256.8882630685117,Loamy,Sugarcane,45.53249838812625,82.84748053014047
33.63598685460825,79.55869276248491,92.67709082812004,Loamy,Sugarcane,38.25960329708665,82.50670784166965
25.791488655741986,36.038248711412,57.61592157724003,Red,Cotton,34.1435200765903,0.9883333152117233
18.189507569889095,44.39244676535668,101.11209311606827,Red,Rice,15.747349661949462,2.7817796182539367
22.09439764496811,38.51831938565964,135.1028890285649,Black,Sugarcane,10.018193830460463,90.4780729509051
24.077057409965878,50.87648469493,177.64518936488997,Loamy,Maize,38.06610331145668,5.437226001648102
31.147931033290032,57.021058734324754,203.78228513529996,Loamy,Rice,24.233739348074902,4.054388241426327
29.269457616722796,74.92958021779839,277.6514293036054,Loamy,Rice,12.063688055380828,3.1555470107065013
23.902418147446156,69.06885509290045,177.46350238761443,Loamy,Sugarcane,31.214476930098478,83.21839295910104
39.66288121982449,67.25571404870587,175.31891115643236,Sandy,Sugarcane,2.9763587547841466,54.4810942796067
30.14437048392218,51.142496796579266,62.56075245574553,Clay,Sugarcane,16.98234245228442,68.19278545612774
20.93066979339986,80.4868531850856,58.727888164055955,Clay,Maize,23.959292734965597,3.0076437517120436
17.544561815510093,58.27723004388987,187.789990479093,Black,Rice,8.249958371360886,4.320821349089846
18.821478479608302,88.74629628090926,159.54465331208613,Sandy,Cotton,49.24806940195114,0.5
21.148943209612703,68.04852829774421,259.79509874507465,Loamy,Maize,11.245770864891098,4.238158733773725
19.017034331488894,37.57588449387016,90.16989617796129,Loamy,Wheat,7.387303372120011,1.9066776308638778
19.664175601282643,70.57065372452604,56.2429155292624,Red,Sugarcane,10.973208820457923,61.730164873924394
22.127379217346178,49.506240925901935,162.25969198253148,Red,Rice,38.683995524826486,3.812700583147186
19.33433988236887,71.17963180116584,109.36963918806437,Black,Maize,21.8497773043203,5.581362909439046
37.41913561566063,34.178468889744344,62.40359333470936,Loamy,Wheat,28.70538104787436,1.5484831303385644
17.005843641541055,40.49288623055756,231.14957171190724,Black,Maize,2.0294486923316764,4.431210843212447
28.112784739256366,81.34423553434718,77.89824998931186,Sandy,Maize,2.6871341200924133,2.5849236463480034
25.259920674741537,43.63077342141089,202.07987500194292,Clay,Cotton,22.84545194152379,1.733988854976396
39.559465422715164,80.22246751457641,120.26243754172229,Loamy,Cotton,41.01610691687955,1.4889323057444224
17.80097255420131,46.75656530726462,93.3740125887555,Sandy,Maize,44.376705056670694,3.29290693188008
24.946389976143543,68.57291460352246,144.93788072982937,Loamy,Wheat,5.248621812186371,3.8431744286449425
39.236760831884226,71.64903441058986,250.36144405573842,Red,Rice,27.379792002950115,1.8699331074190249
36.637678147349504,60.759285188703174,148.02339422614318,Black,Rice,45.748254627684254,4.783767912861391
35.426801773731995,48.31864060180388,237.69241230276393,Red,Sugarcane,20.01066496549643,61.49048376366422
21.447570676123497,42.75866258226577,81.37157419978767,Clay,Sugarcane,41.64872573999006,68.5828248874231
19.272189684751645,31.991361273745575,243.19285491626977,Red,Rice,7.551087065572374,1.8633578598575509
31.716080498110774,48.23678407444343,109.23333122666216,Loamy,Maize,46.834329993722136,5.129064810702885
38.23439972818964,69.18976743187699,219.3482824722182,Red,Maize,37.81974255903383,3.277586141888822
28.919072325348246,86.29828910690895,191.4453887102491,Loamy,Cotton,47.12538524655818,1.3137549580144972
29.290317236747498,82.27226893578313,282.2861793029218,Clay,Cotton,34.154244444072816,1.069757656903953
21.999477341507102,75.96388659211816,146.8306294938285,Red,Sugarcane,18.806792667971923,61.894096331642324
34.23732332979842,77.30684059519791,66.5412972086101,Black,Rice,46.9708774537114,3.9346478435775722
19.676093713938084,69.89909420855972,54.788871387813224,Black,Maize,14.502772039149745,5.063089662084315
23.09198091010609,45.61721145396018,256.7146402431883,Black,Rice,17.276453581024896,3.7508700132158967
25.635910965410417,84.43170184234978,181.18390941535804,Red,Wheat,35.33961248208528,1.4614434295734995
27.690259467111375,70.24393871435004,243.8110129587373,Red,Rice,38.50049867674393,2.8321697563944
21.060243310377004,63.6264378588264,108.60640000287867,Red,Wheat,46.54077070860854,2.342968175531688
17.87092061848009,36.65936815280887,136.27093637830842,Loamy,Cotton,11.035318043754266,1.8562614561651118
30.265501061040816,56.82333262838553,57.52596805282973,Clay,Cotton,40.10190372574198,0.8330739824534495
22.215763831006395,57.62149627211558,290.373081143528,Black,Sugarcane,37.18875661645121,89.24703989823723
29.530955535565305,81.87381657136021,216.96697667520334,Loamy,Rice,4.125933256426295,3.433025350770269
18.859067881855058,62.798893211267306,283.30127193982656,Black,Rice,19.97393391930014,3.720695635496962
27.028502546370436,52.824032938224576,116.37410185726809,Loamy,Wheat,14.85550739594483,2.01600846355878
28.314735813789646,88.60801971063955,202.86590280641522,Red,Cotton,15.92003079334749,0.9699102208213032
16.295588420560673,36.643235599578944,219.62499207315946,Black,Wheat,49.16439709818034,3.5144906196295516
23.415106954848014,55.352905698716675,129.38742506439712,Red,Cotton,32.49609326051647,1.6618552358374437
18.360366923474356,32.52148051028432,262.0273087539075,Black,Wheat,36.16613173188148,1.757711556736442
16.584374261819192,74.39424724601582,286.790365725062,Sandy,Cotton,48.85426422843545,0.5
39.74900580974863,85.08459313194903,271.2137794240011,Loamy,Wheat,19.482887340424295,1.5024912281006613
23.058846124368074,46.80223977302937,234.76674398484315,Sandy,Cotton,40.29016825418749,0.5
35.24686114636587,81.50050060794726,119.3661699312385,Loamy,Wheat,22.292017201920274,2.7856462655047345
21.366016369094098,47.53309382771387,120.40401052640793,Clay,Rice,43.607149918934006,3.1859324417079393
32.03756805559823,84.64620969863492,290.84008011150945,Black,Sugarcane,9.852219524253856,89.60388833544447
34.00569649724216,75.23771421580705,52.57112398392301,Clay,Wheat,47.4366226761497,2.113970198672075
29.890968515196107,78.29440661048632,229.01249331053612,Clay,Sugarcane,11.719813712133105,68.43435367495464
26.78940471375396,31.08039333602727,226.56154063881556,Loamy,Rice,16.984804842065643,3.326010306275292
25.296022853681713,87.76862142444156,205.67238523744936,Sandy,Rice,38.053419471232246,2.0619181455134195
23.721706663574885,73.6002595242194,297.5272115217165,Red,Cotton,20.294001936704927,0.5
38.23822860619565,48.285065723168,127.9698589409313,Loamy,Sugarcane,30.802357461555886,82.40977395103253
35.76548519469323,79.76367989153081,134.99296594831205,Red,Maize,22.784101552401996,2.872751459780667
39.12567276666282,46.891271904895795,69.73485073663889,Clay,Cotton,37.37612691739931,0.8537690929051417
18.10743058713862,82.36523037396768,160.69953413593436,Red,Sugarcane,12.188231366061931,62.64596508762032
33.27168688009111,36.75482342471622,115.26213155871203,Sandy,Wheat,3.8644413746069732,1.7103937971655254
38.458511420525944,72.22115864764774,135.84667554441106,Loamy,Wheat,15.696540476180246,2.506428827994694
19.530826654141503,62.44190859869462,258.6429475639069,Sandy,Rice,24.241124578553084,2.737279570088962
16.662406684169436,35.792068211726445,283.871128381874,Sandy,Maize,9.23298255744125,1.7490159262869769
33.528016232251474,44.51362969553034,96.4332680012964,Loamy,Wheat,18.385067193163046,2.759642549260867
29.3618278294978,30.74424217663889,143.12723288836645,Sandy,Sugarcane,20.59916789638486,54.43375477367405
36.0457194189568,58.12607792787035,282.15764052884856,Black,Sugarcane,3.8122003407254037,88.97379151657216
18.494309415657238,48.07591564560002,65.45211517230565,Black,Wheat,29.582055161026023,2.4128444076310105
34.88168279649726,65.90144905786553,73.09013202784463,Black,Sugarcane,44.33282797059309,89.58604443028547
20.040683001193614,47.83426846251703,90.69774730155734,Red,Sugarcane,8.435402734699569,61.25294750832775
19.091398571642614,47.99514669041908,198.8032085317187,Sandy,Rice,30.292592656674188,2.528381240985454
19.106644948274823,74.5915919238962,87.61806775149937,Loamy,Maize,33.57222104063147,5.3039862421025
35.364368005784556,32.88857015870121,292.0190953626834,Loamy,Rice,21.54739934054513,1.9474323546965042
31.629930517405004,84.17369971151923,161.67863181463008,Red,Maize,35.35378178084923,2.9945724035924
28.076635619227982,81.13583246347089,175.3794900875416,Loamy,Sugarcane,21.12584563105959,82.7851858564468
23.970762103087562,70.06828099358438,111.66465395135162,Black,Maize,25.72722711089431,6.111568359366297
36.930013520327705,65.59329420644306,167.7400631086834,Sandy,Sugarcane,1.360299183166922,54.81593113131375
24.811127685565886,83.53814988837914,215.4784081592529,Loamy,Sugarcane,34.89428559259975,82.7979766801
35.41498598678943,41.11981077172287,237.7942842385107,Loamy,Rice,33.405791268291495,2.4869737013585307
25.97837271425546,34.73814973144972,238.46702067747825,Clay,Rice,2.8816429889908837,3.5508173548921707
24.423610735622688,44.370610194572286,194.47277817352207,Clay,Cotton,19.04425526236152,1.250464273018751
26.56699464174016,77.67469672201142,276.0899437484643,Clay,Wheat,48.972560198791705,1.8821145606014356
22.534446854103553,32.080216003589,254.35196182652734,Sandy,Cotton,21.616091565862224,0.5
33.69023450440628,64.96841010500938,239.26202867465636,Black,Cotton,25.595324851460244,1.1525597584504
27.56800975231198,89.7262509714786,63.90138042011516,Black,Maize,45.58657774982621,4.869257134711342
20.80531737867043,81.34176563025237,51.719490554912326,Black,Sugarcane,36.145831917422065,89.0180036235587
37.48936433186421,61.28674134261537,103.11181929886824,Sandy,Sugarcane,29.521436425086954,54.65568357410131
24.597280534330284,33.81845455719854,215.88089847836306,Sandy,Sugarcane,40.092429385712556,54.2935229672776
28.588821527849717,79.88241086314258,152.79937222063646,Clay,Wheat,43.35394705634269,1.8364839981718257
37.661802774113674,65.93871049063263,150.60156482482793,Loamy,Maize,23.387515515126076,6.28530771200906
30.605949897849804,36.89597982357401,271.1467220574034,Red,Maize,24.280309881659935,2.685611063545927
17.9224510177091,35.63143708940137,273.89071203295964,Red,Sugarcane,19.916495846939952,61.652702793195914
38.49580309033688,84.57760916619554,277.2938160133964,Loamy,Cotton,48.368600860904564,0.5
30.692701326785446,70.15201577628471,128.46951912875682,Clay,Wheat,35.16114646022717,1.6712180131902294
23.372640366427152,79.75720795900534,222.76395318481545,Loamy,Cotton,5.077930244195542,0.7069592218136704
18.48180181658468,82.73873401693604,117.90829531859241,Loamy,Rice,43.2850215423379,3.4873624211315897
34.8506297317574,64.30634112289934,97.65245826861245,Red,Maize,24.547437100977135,3.416116239553348
30.50181889821284,61.04678110530247,96.1581143368423,Clay,Maize,4.368941414701886,4.090086267929736
28.33652729940804,55.82564461925941,135.52690521589852,Sandy,Cotton,27.93614550300224,0.8183600953304572
37.347314576273945,49.01679526746716,157.48940494495542,Red,Wheat,21.441049669809402,1.831933631744974
34.714930280613274,56.07575765152271,257.7372927637671,Sandy,Maize,44.00972083826862,2.446088773632093
18.79187199331878,76.43277934380939,79.97277336817803,Clay,Cotton,10.995735576859982,1.0118039602473206
22.793051694888707,66.11540586090788,233.73146184872354,Loamy,Wheat,41.49676586511696,3.265246000545311
21.212228495361643,83.55139739729077,182.86372854732633,Black,Cotton,28.326745868087183,1.428999296594542
33.598657314316924,56.602800862751266,121.98633566899812,Black,Wheat,3.675904857459983,3.729726805046477
15.838310868394485,66.42537472312524,173.20489613320615,Clay,Sugarcane,48.62041976494875,69.21432788433914
29.24724212178291,67.87845318551932,124.98551744425566,Black,Wheat,26.118146961056794,2.516264510934134
34.06146714351726,65.50182973837954,199.0204888095765,Sandy,Rice,15.252965857347542,3.0383205651587
36.91914091904374,72.15802638513098,158.46098071381107,Black,Sugarcane,24.000935257473646,91.21254084015693
23.55204371789769,44.246008102488375,91.10138226971969,Clay,Cotton,43.03503139235696,1.3330844096676244
35.531432616800316,60.741826652747434,79.14576863892418,Clay,Sugarcane,15.940253094868112,68.79494200470384
17.76579342388018,36.25348816850086,186.67392051803253,Sandy,Sugarcane,10.441143427848315,54.66091769930146
36.16130729336295,53.07067965868875,275.60325832152586,Black,Cotton,7.324491099613192,0.5
18.18721655829956,59.26002411727586,135.98942163942138,Black,Cotton,15.59511052112035,2.709806153228467
24.93218226400918,69.13345557272835,233.2500268056558,Loamy,Rice,39.22235626496213,3.7728031146652476
34.932384144488836,87.0318631551722,214.66533873494174,Red,Cotton,24.109691894567824,0.953060040945081
18.747935683719344,66.03906399290136,282.8887285773702,Clay,Maize,12.14659858098346,3.25515942621882
20.731284880816037,74.61563497059359,255.2452543247852,Loamy,Maize,9.14306498087771,4.2356256546693745
33.05631420982665,60.37596356971217,191.65131472636574,Clay,Rice,17.303744349008575,2.8725016385949003
33.00091341365186,68.04624188257988,214.25762455852683,Loamy,Wheat,47.056294271399736,2.024595203433292
31.028690822132432,34.25593296802641,274.5966166460087,Red,Wheat,17.808308916911194,0.8947908649968422
32.3487111116775,45.26349485051082,149.8796961467337,Loamy,Maize,49.41807972177713,4.6893846254646725
28.568111083689907,51.711185592308325,131.69867646444436,Clay,Cotton,24.776292332502454,1.0636361806379881
21.294976472673817,58.349601300390816,52.70277090879908,Black,Rice,9.779031996217393,4.671009871650034
23.642399837597985,32.738924730143026,256.637768547866,Clay,Wheat,44.66586449788196,0.8432461455918607
19.539942920035642,38.401445853199064,250.2451751008412,Sandy,Wheat,23.557413283606518,1.1239267730523599
37.71126403334071,46.60885846747834,76.11362952503785,Sandy,Sugarcane,35.773895831721696,53.32624435718251
29.58479486915301,88.29196145406304,194.21434528317505,Sandy,Maize,49.201867577248436,3.4878210957172135
25.021285419090997,49.88082042618305,165.99542454172183,Sandy,Cotton,3.458592165678726,0.6014819726381198
26.550145091103317,58.92246348672495,79.67727387727787,Red,Rice,5.738033429590789,2.3595178822147327
38.68208349029538,41.76586276430358,295.1420567651809,Black,Wheat,36.30238033167505,1.7399638021126562
18.833785077902004,66.64680426454609,103.67397186583887,Black,Sugarcane,14.809425161478128,90.23069695436659
29.65574580041993,46.84099293095846,66.80854502264029,Clay,Maize,10.030768450554854,4.119611736871979
27.64721697211165,42.419554706305604,198.7118448754774,Loamy,Maize,2.9287321111667453,4.389780482136968
30.286355885866193,60.99435770675875,234.71666928325817,Clay,Rice,2.0704888873238882,2.7252256540721644
15.452754595521013,30.33034794962525,58.11086151179674,Clay,Wheat,38.949794552869754,0.7018141992813045
36.803097723603784,30.45984195895352,214.67940968175554,Clay,Rice,7.58723794110795,1.6171534571051138
38.302957062090314,43.14412854611147,183.07296898786362,Clay,Rice,23.918310182586392,2.96495375719926
29.12832958973022,32.20328175004927,75.8162522187621,Black,Sugarcane,30.68894394379467,89.9673374010055
32.4162705969223,36.48154524784148,93.13096923659052,Loamy,Maize,21.989238227873468,4.421693964956352
38.062484529432396,50.331638960325094,191.99357432902013,Clay,Cotton,2.328225964475422,1.4949284590927658
32.68096585783496,78.15514077478878,124.08940337832209,Black,Maize,39.391573626807535,5.100892814956525
18.813476072856535,64.32291860215804,284.578932162829,Clay,Maize,1.5151480025410209,4.007659772039895
29.40720900417033,60.76006355738498,254.6850573710127,Sandy,Sugarcane,38.33260482449671,54.99870723481279
30.1678761595714,47.6093293924873,295.89180162841575,Clay,Cotton,44.771920195618016,0.5
25.60326678255965,85.90522316596898,114.9177097376035,Clay,Wheat,22.209156131801443,3.0916714284700078
33.411105890618074,53.8209024742315,292.4309081994943,Red,Cotton,27.241581181792114,0.5
38.35917536922537,35.22556600774629,157.80846744788948,Sandy,Wheat,24.372186238265034,1.761026747021988
38.13921282266941,67.02399096706807,136.87969882843868,Loamy,Cotton,20.071222312548503,1.544181088774371
26.270984285103303,36.83030360859608,62.58738174233831,Clay,Rice,44.48380223314765,2.7861512875660557
17.830951146018883,50.71338856810152,63.19131446490066,Loamy,Cotton,44.802742022829534,1.4383318635581348
39.62102997405836,60.44471632306853,223.00281398666368,Sandy,Sugarcane,17.455001867435193,54.95295162720357
35.972452161148354,82.45335148111054,164.48224860850698,Clay,Wheat,31.138417946720203,1.6864145946735716
18.116567030081672,59.61279482040712,106.63040650902643,Red,Maize,46.41847054514734,3.9802211109717875
38.02104706543431,72.13552596189986,203.49257658130816,Black,Sugarcane,48.140866448126225,89.79961128602645
36.747409051553205,89.56901033994421,113.21452956252779,Red,Wheat,25.93899298068033,1.2601752360933565
27.970951428151803,37.8893471938789,194.40793858610564,Red,Wheat,23.188415458932013,1.5635017196940668
29.781885893623233,46.48389153117117,139.8021867456726,Black,Maize,14.656021480497763,5.994387819996112
24.975067596753256,53.674564535858785,255.88805665295476,Black,Rice,47.98472178633009,4.997134477123221
16.369040970550785,55.30969071232988,255.17404019169481,Black,Sugarcane,7.997900919170501,89.2753917848001
23.379931041147522,54.66126451593274,169.33759953060033,Clay,Maize,29.411649226338525,5.222139556972131
35.071336214950286,84.4566601533933,137.7047773337539,Loamy,Maize,14.844963108413305,4.574529547563926
15.115800575115072,72.84195866801139,140.63994913977365,Loamy,Rice,14.671406227042034,3.5146930156318903
23.337479292278605,66.47431284544223,251.42863141705448,Black,Sugarcane,20.843460781433233,91.41130106609103
24.954217339773585,48.562363071766924,132.04487069940302,Red,Maize,49.940853854967074,4.35941893391267
28.434890073448074,79.42742305327768,102.26484342671151,Sandy,Rice,3.6933490351512814,2.446112200173965
37.99639041031901,87.30363068909934,71.17208546882671,Black,Sugarcane,29.34854909197304,89.31344260630743
23.65864985914903,79.2718969530136,166.67328022110212,Red,Cotton,5.046035743728582,1.8844116049534523
23.673830047405694,30.093906311488375,170.53302472996046,Red,Wheat,8.57152066953543,2.0341443886093247
33.43753120274371,68.18408221100442,260.2271776007268,Clay,Rice,22.538584146872036,2.720280955914054
26.30544852224518,33.06812288652604,105.30967411151599,Clay,Wheat,26.012546435975622,1.4199026336051603
20.61512057349955,45.456433220023314,145.24781841709998,Loamy,Cotton,13.680828009861676,2.3343246458686693
26.310987903317333,33.5714820208663,252.10143472342273,Loamy,Maize,16.506399412846392,4.266485618998461
18.521425509494996,66.22772717696327,255.90590268724338,Sandy,Maize,5.26138399254072,2.8283289461589867
19.409674662655583,71.1953948095564,146.15276899469205,Sandy,Sugarcane,15.857769408368275,54.60054354954122
27.459194318486993,36.86925828395431,164.78100582167022,Sandy,Rice,48.36136352964666,2.7817051877205907
25.473136237613698,53.030332982698766,125.82147271232073,Sandy,Rice,47.290661701951606,1.6742163975090834
37.8711475267025,57.374190537332524,283.138719604828,Red,Sugarcane,17.409036216712266,60.83458150314516
24.059847477915827,52.14318130565499,79.66094143539507,Red,Wheat,28.971842877659316,0.9396896189130395
29.514708756951087,37.26150002911158,283.4373557503675,Loamy,Maize,45.570174164436274,4.301639368356266
30.80660719798826,55.136867411248524,220.9666129588358,Clay,Maize,1.3030073094039372,3.9373757993251366
15.32736141470834,75.07068286850509,182.8930381716828,Clay,Rice,40.723494946542004,2.5006303301283492
31.588434300417767,34.26045987199533,58.164765196123966,Black,Rice,47.47010808665703,4.154639156897672
19.450899171743785,34.810800844914205,168.89904795550206,Red,Sugarcane,5.474960982344296,61.58143724876376
39.026757936736374,51.28627751015905,151.93702625068306,Sandy,Cotton,8.910936615613132,0.5
18.716568193827825,86.5035426971355,90.30470299378064,Sandy,Wheat,48.076568835796415,1.2156221026190641
25.365603093175594,70.11435880337484,214.10240087516422,Black,Cotton,27.33946703837697,0.8551093008151066
17.133741701966095,70.7201974003539,292.78772684207144,Clay,Cotton,1.6956350891144614,0.5
39.92185629614868,51.715199450271896,190.54720276613128,Sandy,Rice,13.623967939412928,1.6240658600670521
27.554875258281065,65.6196474725123,228.68831911098644,Clay,Rice,23.04724003917412,2.2609831716778306
29.884625433001094,30.607871041664602,67.1126131415042,Black,Rice,34.952536640213616,3.29218848756917
16.676911934710688,68.16576278457254,154.4167489542487,Clay,Cotton,36.924858528703176,0.6737219078741519
33.749011759979446,84.7972168545742,79.08962129112396,Clay,Wheat,49.77565413334735,1.4386928803873065
20.247639827389644,66.75440810068915,203.1989588841276,Clay,Rice,15.088048769804193,2.4809316126383285
37.45135723601784,82.42191560798071,284.6205395535386,Sandy,Maize,27.372784991555285,1.5978616298951152
20.12849101205018,73.43838332796562,215.44443311790963,Loamy,Wheat,27.132853845120646,3.0142164049997047
19.767193016591662,37.23350498422141,69.20076207860538,Red,Maize,20.876617712914637,3.366223756446147
15.913741696202372,84.14719843715051,138.66655124627073,Clay,Wheat,9.288932798278589,1.9085532824590263
26.80167362774998,33.986630661346496,187.66584486021287,Clay,Rice,48.89537159600828,2.518621824027393
29.121028331565412,62.03804835286583,150.80193903331303,Clay,Sugarcane,42.812542146662715,69.82475678399257
16.642715985708808,38.52822742760746,258.4110026187931,Loamy,Rice,25.418318386417624,2.520730759416116
34.38819041737526,30.702396643854243,253.6677511774973,Black,Cotton,30.55902571151746,0.6085226295841115
26.332220868700688,55.32205560765834,202.95775502580537,Sandy,Cotton,12.135791624423453,0.5
28.1097567331895,47.702442459249376,143.36448628317632,Loamy,Wheat,27.6455664491956,3.5358364035250966
26.019068673455706,59.16002962785618,113.83409344081103,Clay,Cotton,35.053536522952314,1.5871963747990225
25.01907652188315,64.63199320407304,76.46857955328232,Loamy,Rice,26.24318439094285,5.075350445361791
28.991008282705447,32.624344338536844,138.72442087163853,Loamy,Maize,49.52397335866212,5.793211412273213
18.88100614826781,37.38019770742474,153.29312930192987,Loamy,Rice,30.955741156138583,4.291816436753114
19.548203262381776,63.51854378702552,218.9557312760184,Black,Wheat,19.177711917016282,2.80548548776461
36.54464052533793,50.59004119035949,214.53995607439336,Red,Cotton,38.83544935317607,0.5
38.65288655334082,73.75040925296688,67.52703491031424,Sandy,Maize,9.35266306750046,2.6888224838938313
24.332732906993826,69.13749891551637,148.81482885778945,Black,Sugarcane,19.84127487160706,90.65730005995741
21.768616828588844,80.73626177939441,95.44471680434049,Black,Maize,18.000988568501707,5.962335090359109
31.099988580975396,71.54956960015352,89.20317632920143,Red,Maize,22.158547660281087,3.5564525241078173
25.21835427745241,55.79586464340889,256.8255374343115,Black,Rice,39.30721147050759,4.2407427682773235
15.634658891508622,70.37799734366595,60.47880417906438,Loamy,Sugarcane,24.724478576006966,82.72622410297673
18.90381493415476,46.52287045532511,154.79571897553035,Loamy,Wheat,39.90670806303218,2.5178774968401583
32.89930572118494,48.37880992669276,92.05091394162955,Clay,Wheat,29.247956253853427,1.2820519299540922
31.473098547753786,77.3391095952476,269.8325539196185,Black,Maize,17.76140229822021,4.10288261732956
15.677399812587087,56.78517098409493,189.26012831875877,Clay,Maize,40.68895844049015,4.60072058456166
20.549304048323737,77.90282043110115,107.84515909421201,Sandy,Cotton,12.676193857101488,0.5
20.776869914701784,79.3453424200967,175.6068217915941,Loamy,Sugarcane,11.994766010189979,82.73528857531956
31.79731858996821,81.45374025967703,232.87158992577895,Sandy,Maize,25.720643278686953,2.671101929536831
15.492763443859104,84.99811415047245,289.52950222985845,Red,Cotton,13.781613052142356,0.5
17.602714549614348,55.859113230797774,105.11150106135474,Loamy,Sugarcane,1.4452647126095997,82.90853588166425
34.997902134329735,49.13200909926833,271.54544303233627,Sandy,Wheat,32.766578837641276,0.5
19.463616551358342,64.93192479564684,283.5760285418726,Red,Cotton,26.043597252147503,0.5
31.31865269629687,52.270345406257654,279.1051361330166,Sandy,Sugarcane,22.830372910164897,53.75498214899814
20.954569526168164,66.06445000801398,208.85358921547746,Red,Cotton,48.38145721629745,1.4786851524343998
17.48603481898363,72.33515175862948,207.4551636086769,Red,Maize,28.98876001418277,3.0333480189228363
21.07930477498635,71.30430110952821,150.8026582959557,Loamy,Rice,43.30814731167984,3.4196077805903258
33.05667329639148,52.47317322120728,238.09947057594698,Clay,Wheat,7.833061574052849,1.0616379744108566
36.39241170265714,40.01161210192517,182.82350458773297,Red,Maize,28.891116693341957,3.382303593405814
35.75549661417479,55.83176030773245,219.35951780707362,Red,Maize,43.53100170981424,3.3552825019780426
24.92958824046137,38.55564864491453,157.11447596219887,Loamy,Sugarcane,29.572182106715,83.34930731901869
31.702128414266156,83.4058221110285,232.87411601078477,Clay,Cotton,36.182694728223076,0.5
20.124607385395525,50.75264764427145,256.11787940113726,Black,Wheat,19.23013482279816,1.7090065352658108
22.328693256525334,39.267584833399425,86.60906415070403,Black,Maize,5.530026334816264,5.501969519207299
37.40839546302799,31.526865594345054,258.23242889355697,Clay,Sugarcane,23.4371144612265,68.14672845863383
15.325048087768401,68.74934317718905,185.0741329475768,Sandy,Wheat,20.329490151104018,2.0349642123947937
17.1377132713617,68.21413904728459,261.1664772725561,Loamy,Cotton,43.48594893656842,0.5
20.197156378650682,50.4362499948775,157.82542658525364,Clay,Maize,12.95576981527114,5.173090043180642
15.663305096845493,34.30271333085906,144.76012134575876,Black,Maize,48.3699771492203,5.438514691284815
19.535885877244933,54.577733693713924,278.76518312930557,Red,Maize,47.94876787042031,2.843983118145622
29.576039024242306,48.67304970380361,112.79231688710033,Black,Wheat,13.133950510500496,3.5193782320506912
25.53561376481245,70.62723838410056,261.0530813215358,Red,Wheat,18.054545818388704,1.0796667791221424
37.31679277692437,66.34675496716142,171.00514312735103,Loamy,Wheat,44.882231302820365,1.565272329862528
35.436089043461024,51.8756236918524,178.52386063781492,Red,Wheat,48.36448882390927,2.0829001893837287
23.5454337924469,43.0735532552994,127.117070372371,Clay,Sugarcane,22.72851603896616,69.53419883059958
21.485585835782313,89.28215796933551,193.26055015475393,Red,Rice,16.728855236403994,2.2258922074163783
24.49231020418167,57.24009727176689,131.3027990690528,Sandy,Sugarcane,26.77860664932556,56.04371111830355
29.757373562870193,71.29645414681423,59.81735356041308,Clay,Maize,34.700691111921,4.047847504756935
21.701591020571907,38.43317805470164,117.99965133608902,Loamy,Sugarcane,14.40025125337401,82.32773646945273
30.603722696228353,59.13538197956387,51.59476085164767,Clay,Cotton,37.08718555633457,0.7297256004952
25.23529130478101,31.652203192167928,294.58869676421415,Sandy,Wheat,3.5312104986174107,0.5
28.801179521299506,60.327307074627,291.43680245493687,Loamy,Cotton,3.4154301454564058,0.7271802631372247
25.903163228382915,87.84104442706214,148.78882436807626,Black,Cotton,19.928097552131717,1.7995380717060292
22.361643988547943,53.05240277914801,232.0927135849115,Sandy,Maize,18.32018641097531,3.154157627874862
38.71133267405392,32.3397607544947,136.45152460260624,Loamy,Wheat,16.46602755299046,1.6892162126012968
34.09014485399402,31.85734745516061,217.773289271494,Red,Cotton,25.05996837077659,0.5
18.502829394161314,53.27920559681217,251.35751076149478,Clay,Maize,16.71594553326699,1.9191218744007932
36.711699397447816,39.60149618779164,286.68906117306017,Loamy,Wheat,10.420638004936505,1.5183062526697588
27.18577995623784,31.401125779691156,150.053068962418,Clay,Rice,16.164007905341442,3.2740028697607144
37.363805672352285,75.37281683701062,245.82449573901192,Red,Maize,48.770309367701515,2.659729141162359
34.996381398682885,57.51138053291344,116.48211265802969,Loamy,Sugarcane,21.144557432747582,82.36851429928706
25.630337611730837,47.35468631835927,297.5830759484121,Black,Wheat,22.790926066058454,2.3387771737230256
15.561732708002936,84.00499098098885,56.442399691087786,Sandy,Cotton,29.25070450760586,0.5387856644483606
21.71693398462365,36.96833761203153,200.88220162528023,Loamy,Cotton,49.1836976522971,1.1739350757809153
28.540855366521672,87.35512973731915,214.8764954128318,Red,Sugarcane,12.838462545352387,61.95213413684004
30.836955495653683,48.83800304264117,222.0113892685322,Loamy,Sugarcane,34.38282341608926,82.32948788182188
21.447192135830058,83.30422033852088,80.09689469727225,Clay,Cotton,36.08324998354448,0.6188160519702802
18.483901851820605,66.1765725887677,284.6324458682826,Loamy,Wheat,30.75889642286023,1.0386688751537658
35.873255919982476,79.60244158448924,95.2958197625207,Black,Maize,5.34033864219556,5.411307472283029
39.61005451758881,89.04078979262786,205.68835080996027,Loamy,Sugarcane,34.166741515551244,82.21171825875109
28.142254557567146,47.30432626912474,105.66901978077124,Sandy,Sugarcane,4.1406408407725985,54.536020802398816
19.291982146207587,87.66812912445558,126.80410425531772,Loamy,Sugarcane,30.21098982794495,82.5283464789554
21.807683162984226,53.36891369414522,186.6146354320311,Clay,Rice,37.23947768386539,3.372159164010961
15.459766913686668,53.130714284215344,154.2983546411441,Loamy,Wheat,11.33752464037757,3.4045515929392867
37.857470164012476,50.42322625527034,90.05640024412656,Black,Wheat,42.23947836959593,3.205918621105308
17.94377707225353,62.48445644085511,92.73410060521206,Red,Wheat,2.487336471117209,1.6577780413251169
29.41291188785634,39.24870259070923,154.5361970406999,Loamy,Wheat,42.346830319257,2.236642150079678
21.85138051718015,63.22268912148067,239.32074456887517,Loamy,Wheat,23.55612348149549,2.6041403679025397
28.854450062894834,62.50228874460024,274.49116171194714,Sandy,Cotton,11.66180905665058,1.004761304359958
31.285509708796607,75.7141087562922,71.03191556484572,Black,Sugarcane,7.555129104704433,88.77038729242153
35.74354509268004,80.01899771625514,148.27597688985026,Red,Cotton,47.712051211536256,0.5
20.16053179401508,56.42648101874544,75.06139093071916,Clay,Rice,4.560613791476679,3.242652291506176
15.274895716462012,48.13999496108963,54.14812015814947,Loamy,Maize,10.755577576860357,4.394825454253471
18.422140751720182,45.56009383902567,215.42967066098916,Red,Sugarcane,18.04329502421925,61.45550234362423
37.50046604620263,41.677430202292314,200.61236049164694,Clay,Rice,31.391507599094904,2.6124586334699713
36.847251939062886,33.458854931941495,90.75477845372154,Black,Cotton,27.69525317852882,1.3731348871500588
29.935327554257707,50.546878730082796,108.45320827326603,Black,Maize,7.156531128203385,5.599535108525181
30.012921510841334,46.21486152784699,55.9269384111296,Red,Rice,15.196671203172517,2.039916691980121
31.625916863656386,87.98504315198444,258.7368014236009,Clay,Maize,12.69883678321518,3.3161473645043404
19.38428196558624,63.462529575002634,293.67264901213787,Black,Rice,11.463599870026728,3.2779795757057824
37.860298648123994,50.83662234183045,83.8648841986727,Red,Cotton,21.146072487519366,0.8836281368562013
25.469263122301825,64.82805605962176,107.86880344132453,Black,Maize,35.497541176991184,6.972033596347895
24.578463206237437,38.351802080741734,267.1023809867335,Black,Rice,11.655193678644562,3.128464407994541
27.97294263207094,56.642624952132174,281.6159494890462,Black,Cotton,18.96726510544609,0.5
16.174149169376378,67.57405928526383,154.9068457017026,Sandy,Sugarcane,20.15495391521695,55.54401743509153
19.157084218901986,59.33386990754708,62.655618067268534,Clay,Cotton,48.8463699423351,0.5
33.45084041065926,54.10672803925945,59.84795842320485,Red,Cotton,47.77865148707438,0.5
17.069966698128162,89.63090333398189,193.4874665172526,Red,Sugarcane,40.20674155485172,60.551402717892316
30.078802736659703,82.81888572893561,148.22377722329475,Clay,Cotton,12.841287120140073,1.0807937970353123
21.133727742033024,67.40435748956641,57.16310689441363,Clay,Sugarcane,4.3338283904918145,68.71373515484085
24.732390351049414,64.16264167093696,195.8130980781392,Clay,Sugarcane,16.528302748310615,69.18655420878122
22.217343419267497,67.23962878947503,52.82563414725562,Clay,Sugarcane,14.072932922257712,69.43949752841252
23.89181791162373,42.078726469345995,246.84298953731823,Loamy,Rice,25.7903642071733,4.075679163117982
32.97614762960614,53.70826459585912,126.6082056758429,Red,Maize,39.10866759332186,4.7058619492061835
22.428042890579377,32.36757197345396,60.06450075230802,Loamy,Rice,43.05782400506404,3.2426628244879825
29.16011600742243,58.5327622492096,197.08805524578833,Black,Sugarcane,42.39834018511492,90.88367842141056
26.90126005497749,62.58147503745979,149.42110360826368,Black,Maize,18.62410249993032,6.501944856978143
31.591779134066204,43.664984166192575,293.45010333928735,Red,Maize,34.67448282957346,2.5134008494874776
38.420743483118954,87.84173082993082,186.04966562592554,Black,Sugarcane,16.32887567868678,89.17793851533845
33.31430243025626,84.56727665623453,118.80979525925207,Clay,Maize,3.984371618523953,2.649463902577446
20.37350946476892,73.32859412735435,227.35971615849368,Loamy,Maize,35.376698014544175,5.047152156613417
15.779578376532116,62.00319772592175,117.87300063567783,Clay,Rice,1.4815500759196043,3.754713088928961
21.556601107495627,82.19814957886109,276.0608228518913,Black,Maize,21.04994678546594,3.8604498711295214
29.87694826750637,37.83914062940777,143.6804926268441,Loamy,Sugarcane,17.13958419580171,83.24489099438996
16.28564533710626,77.4305876564931,187.4671406940513,Clay,Wheat,34.97549938742377,2.3368226909922227
27.40915618003091,37.489248838010894,62.64327595605722,Red,Wheat,38.54602816525857,1.0760105389965358
29.92107122292223,77.65263975296432,156.5303094880577,Clay,Wheat,15.900637162592908,2.932142385580159
23.356097270424023,46.546054095081416,258.09088491524875,Black,Sugarcane,40.76972370779782,89.49767557959164
34.272805093645545,82.62543486109134,251.41220134083548,Loamy,Wheat,15.401921264741754,1.4071497693384103
17.664956328344296,86.64252562952387,106.07963971338157,Red,Rice,22.8699916393415,2.8863371574311696
16.87844454339522,38.92775816430694,106.51976775264066,Loamy,Sugarcane,36.62390782369256,82.27079819991226
33.20471890509008,57.760536303923615,254.3263280533092,Red,Sugarcane,34.95309123201464,61.13925948437848
27.38728290515496,88.8592426897611,282.5996050423314,Loamy,Sugarcane,49.3810551432978,81.52968200816507
32.2100599106934,59.004446158388795,73.84023031825089,Black,Maize,12.032890186580662,4.786690596071984
25.870683465093656,81.8128513508727,162.5146598565563,Red,Maize,33.45357776343953,3.971579159849494
21.16005083097767,65.32389132787918,134.36356974105723,Sandy,Maize,30.874413505513093,3.288693111512621
35.477557941855,52.51979447517611,267.67211386435986,Loamy,Cotton,45.83982427001146,0.7941034019754023
34.985396974224486,47.147013331552216,70.88122867000469,Loamy,Rice,8.661744940598878,2.3851625368541045
32.367411771360665,42.193385465165235,102.78148563950936,Clay,Sugarcane,37.83811001575972,68.24203793187817
21.803628430749068,75.70789148266184,238.1170843966236,Red,Sugarcane,28.84516219716965,61.67064229268116
29.755766671727176,53.19243040938167,62.823462245303894,Sandy,Maize,14.458627619607366,3.4891351956561723
24.02434742350067,60.67652773204507,173.1338451785723,Black,Sugarcane,24.24731079321153,90.89559943920717
17.289551833165852,59.53952880007091,160.52675866993002,Clay,Sugarcane,17.355053256420092,69.20530528353518
37.93283938655607,64.63674175398788,133.60029474718715,Sandy,Wheat,29.386356736634582,0.7518604663741623
18.420465772974033,81.93462873747313,148.64307882973094,Red,Sugarcane,44.561029929918625,61.89483847799351
38.75593384552006,88.84436061500577,182.48514673255823,Sandy,Cotton,28.8959442361979,0.5
26.150144323948894,54.45505251442901,90.34183959709577,Loamy,Maize,31.954398498002618,4.0561662830405485
19.62832322096549,79.65113532637818,192.9989695708982,Loamy,Rice,26.418644508620762,3.101718723687771
28.54752368445895,75.87166767928306,251.3580823249966,Clay,Rice,3.5071098158283194,2.1228316566179384
36.82364589691021,64.41173708733439,240.04023244753975,Red,Wheat,12.410069286928618,0.9914763353399242
33.305622160239025,87.36282861671599,88.47497617344342,Red,Rice,25.108084742172053,1.9950438415138112
35.16402869653624,42.02847093170416,87.31236743536849,Sandy,Rice,16.201528903490534,1.4000577690573888
31.469584167767934,36.55585261857728,117.04359193622832,Clay,Maize,9.906416290298516,4.13101035444689
32.306914112946316,81.23771801732534,140.2686815852593,Red,Maize,25.702509254003477,3.6749402013740027
36.22989128913298,56.34898899802489,152.11389535212066,Loamy,Cotton,16.817679878944666,1.5593146197300523
21.241700221479647,80.81813125242363,219.9243042083363,Sandy,Wheat,13.64727451549732,1.4183670344111132
27.235624091078513,83.5854123117249,64.17010804145885,Black,Rice,23.73528545457866,4.0391819378812315
20.530236045490057,33.74745561714428,58.6681760565166,Loamy,Cotton,7.530928646026484,0.5
39.69170019991617,83.00788577916364,147.97764073597727,Clay,Wheat,46.459540920694955,1.7690198972013689
38.60148349216533,56.89914332216533,224.2909230344951,Red,Rice,43.51740279804271,2.5601297272236896
15.985670284212647,60.62594934025393,98.35883573912065,Loamy,Rice,35.67340870128623,4.349097524447849
32.63937931289221,67.59555066559261,210.37612031406292,Black,Maize,6.204477551834354,5.547813213220552
38.13120793539164,85.58295640380521,114.95703448507487,Black,Sugarcane,39.01798546901496,89.36470653913186
19.51438362818334,31.146965665785842,271.5215272033791,Clay,Wheat,40.58990907734193,1.144103119807311
29.198630763815736,58.610608099069026,273.92248606665413,Loamy,Rice,38.620466268002545,3.7269424787699434
37.887207439701044,71.26332254583363,124.32180107033162,Sandy,Wheat,6.584328468842817,1.3315071623063737
15.848649464644971,73.3624174618937,107.49843849081013,Loamy,Cotton,32.551489896320476,1.3644705816916862
32.435506681171,71.55194589222648,152.82599301655782,Black,Cotton,41.88191499172053,1.8440242407636824
22.43372518431377,38.06610776448731,110.13289629503717,Clay,Sugarcane,29.290316659763718,68.36594477691398
38.10990488441326,47.963735302300876,218.09596082292592,Clay,Rice,32.67396138617636,2.335637793470018
39.27645612913419,51.52293152502081,256.5161711370714,Sandy,Maize,23.459810491889,1.7129171397327254
38.60666222783585,78.2662324607703,218.27303272780426,Clay,Rice,26.906658674318578,1.9346512232832382
26.855355416436595,46.72559234487318,256.0876118123374,Clay,Wheat,2.6844660592345355,2.2977852025323378
36.55106627473283,42.64229783203219,149.24804055186854,Clay,Cotton,32.309188076690944,1.5435517372879375
36.11373496337676,87.44688114228578,89.0792426772152,Clay,Wheat,4.990913431666801,0.5
22.97751183108139,30.531797106808135,234.48773684939803,Clay,Sugarcane,22.315715122670944,67.9221947770581
35.72288685376694,89.8692513409187,140.11862628538847,Black,Cotton,15.340099785702984,1.18587587107088
15.925190867887316,70.60927793144373,217.81770630728312,Loamy,Maize,27.72596956037394,4.335580806624679
29.906746962051326,79.70815796694703,117.66098549544142,Red,Cotton,7.537400440637147,0.9958184842648031
20.750220932192576,47.67716378077159,70.30740870166817,Clay,Rice,34.89052669669259,2.1223358703381416
18.01417214443197,30.8589166600236,298.14544887194086,Red,Rice,39.95556530949505,1.6656984323519697
16.92383004073023,74.2721711136918,89.05037698264982,Red,Cotton,9.004368037414668,0.5
32.407219396953494,80.04867582004054,297.1052484908703,Black,Sugarcane,6.111341280242226,88.58735700648722
23.49687409420165,74.42856791721115,294.31998314161183,Clay,Rice,8.130258656580597,2.185912793591855
33.11916928821904,38.57101723805032,248.45452597700992,Red,Rice,43.97925053302659,1.5721625838224393
16.63390851997356,75.20567533541814,214.85574052049938,Clay,Maize,26.881273826061452,2.6137032287222697
22.88225844576526,76.13536692645846,194.45176256277117,Sandy,Cotton,23.895788804367626,0.7328509485171202
28.48728230938343,69.5124309402033,266.52538634445864,Sandy,Rice,6.22887913601536,1.5097602079648968
34.76807912097409,75.96695596773517,122.35988040487199,Sandy,Sugarcane,32.82824433109113,54.438627222318935
22.968812573301747,80.75528638066393,166.92030312121926,Red,Wheat,43.531980002859406,2.562846785547907
30.647284410925227,66.81624685424751,204.84749234162547,Sandy,Cotton,41.58110759684919,0.9675549256491474
37.14944370590467,35.31628283818074,152.79761896737278,Black,Maize,31.676680740059265,6.590305635084278
30.396579704557617,59.25766858003265,156.87161352256697,Black,Rice,4.688657115932008,5.264022501743328
20.823986868840844,34.6589600802963,132.5711668755211,Red,Sugarcane,6.507454331624635,61.78837268028804
15.61001953891345,54.45258186194585,191.057954171134,Clay,Cotton,3.4161403683814093,0.5560783831723557
36.752471847523246,54.42638934753766,262.643632003779,Loamy,Sugarcane,13.616481608130997,81.92731507389362
15.531735271259679,33.960590648414495,100.38209450157821,Clay,Sugarcane,7.64741189085851,68.17630521370774
36.867541817104986,50.92923203816876,283.60825968836036,Clay,Maize,13.74235397236926,2.9435166349515054
28.2234283506803,36.65988592747889,222.2719134370574,Clay,Cotton,19.867844730229123,0.5
38.476692462822406,78.49411260055334,255.81830317000754,Clay,Rice,47.206156419485644,2.221743375170753
34.96958089434163,86.86128155786824,189.0476731575029,Loamy,Maize,30.908426929302912,4.619416777236238
39.94835276333343,34.338988515476316,244.87917535601588,Sandy,Rice,41.91371549846515,1.2568025324770438
23.767795386292754,87.30691243750209,54.0500993348668,Clay,Wheat,35.80722353490428,0.8606792753995023
34.17970722327817,61.354595960204705,254.5951061948838,Black,Sugarcane,6.512653395804955,89.59131604285118
25.048272840231053,47.973940677232434,60.034714771341626,Red,Wheat,37.060099912323494,2.2070006096813306
26.99689050759772,34.61172451656981,272.4783440907156,Red,Sugarcane,14.479845196397097,60.73735289849425
30.68763658045925,60.03745608422507,297.9906868096608,Black,Maize,32.316284502740615,4.291034327457324
36.841927854658465,77.67093266944492,123.51686554419446,Clay,Rice,17.70713670850644,3.145632342678755
39.602086729982375,72.42518863600189,102.57963907144841,Loamy,Rice,49.8859408999683,2.8626627557265354
34.206835346612955,33.01356068783843,241.34084096451016,Sandy,Maize,13.914022495342113,1.9698790452023847
25.444169554183343,34.374110122074214,113.25658523006331,Red,Cotton,14.677393067939214,1.6357059165291226
25.533925056926755,54.17239695795823,266.39059579305086,Sandy,Wheat,46.60294052255752,0.6560112824210054
33.43955753972229,47.717429642876596,75.71064803936918,Loamy,Wheat,2.2075758271798107,2.9616982457022414
20.969428644207557,43.94305938336287,81.48879909483956,Red,Rice,35.13776040578665,2.2243297398489656
17.761852828284866,46.86026993452282,294.7878887751539,Sandy,Rice,36.54099314605803,0.5668184889337362
23.865553941019414,78.20896459781308,218.45972456750115,Loamy,Rice,41.98255029310957,3.996353236981011
22.180974791352043,85.75368321791123,261.7218061072382,Sandy,Maize,48.74752622128529,2.2806310814500295
22.407703011399754,54.30616167165398,131.0823443378795,Clay,Cotton,48.80449403867597,1.573921957825207
20.840193776247748,84.36666012794981,219.1209373801511,Loamy,Wheat,4.198561120756731,1.8291079821926968
16.052329740909048,49.28974207487292,198.5604568271493,Sandy,Sugarcane,41.27012681489222,54.903033235497475
15.446848368335345,58.586219180627495,200.78753003073675,Clay,Maize,32.66918674921169,2.9523762246777743
39.69305974340079,43.56173986895998,220.6331148844304,Clay,Wheat,32.719764584281464,1.3396330297572414
25.694328343396556,68.42856253055064,193.83979328227466,Loamy,Cotton,7.289146404120045,2.4069389994894395
24.608166178992043,88.73886691048853,157.2655923256665,Black,Maize,32.85917115583702,4.950260698720314
31.991182067326747,66.20958576260273,118.98067359513671,Red,Wheat,49.14164644946114,1.7126683091860306
20.456347196626602,51.46884504681293,242.1453327283005,Loamy,Maize,45.6791099074329,4.243421026410557
38.749029598755634,68.86904675943171,106.56810750079654,Clay,Wheat,22.517402379437677,0.9453216429251164
34.6586253603888,37.375240707923254,223.08857653860355,Clay,Wheat,2.9574506910186225,0.5
17.235275057806486,83.31954481592392,108.33320566233166,Loamy,Cotton,18.752381010010037,0.5382869546990946
25.43951939462321,60.185037046790185,206.33254248861348,Black,Sugarcane,41.49312526842721,90.28980955675371
36.97795768905412,56.960984522378524,236.76956678225724,Red,Cotton,35.373455971793135,0.8471946624065593
38.61830055728525,65.15188730721115,104.6784722266348,Sandy,Wheat,23.507839124103864,0.5
26.68503778124674,67.48703176736414,64.98582521532707,Loamy,Maize,3.6999752227827236,5.0630621073117545
30.335284730267695,34.30654837359078,82.74343574854352,Red,Cotton,21.91784166334183,0.5
19.17584865230188,70.95703327340414,201.49924181775637,Red,Sugarcane,23.982222046176293,62.81064082900608
39.779215653424416,44.515900818931776,262.36160155643387,Clay,Wheat,46.49922111181266,1.1132569503416498
20.791792534586087,72.83715795039538,61.24920530885609,Sandy,Cotton,32.41321907552582,0.5596382673251472
38.56829435337814,79.3520876630518,233.53781476041155,Loamy,Cotton,16.270992916077795,0.8488155813248913
31.241166224809213,78.23751045315122,135.32966148751302,Clay,Cotton,26.74059495808535,0.7143720869120482
30.19341987197148,63.15005804447335,169.6320924798806,Clay,Cotton,4.2367100832858435,1.1945956589229327
27.817212775412713,61.21019353864507,282.2148874613914,Black,Maize,48.655843546837104,5.571220696977917
20.766745292943966,38.5725576803647,132.99287618396136,Red,Sugarcane,18.642935194605574,61.16431725209703
19.41320080013771,76.52076902418813,166.3342334848715,Loamy,Sugarcane,24.415500390743656,82.88574678857084
20.512155226754384,46.28456282680286,53.420603690170275,Loamy,Wheat,18.40891473760921,1.4701004238444788
19.66095655360636,59.80172536907679,70.39968000120959,Loamy,Rice,34.44307477569381,3.850201156093585
34.48961183916883,47.056445575651004,114.64789778369601,Clay,Maize,33.44937575815006,3.7023230047359794
23.753131479168253,38.029701779981586,56.963060205268604,Black,Wheat,36.05079321592765,2.7808664491050896
16.44606691408491,67.77346181350418,207.84383151206274,Sandy,Wheat,14.13901825098412,1.1838982139578442
39.22756575352028,33.25992208937423,156.59958920040563,Clay,Cotton,16.467755577039235,0.5
37.09464712408564,74.918714047572,187.0363006820055,Sandy,Rice,7.137310323714189,1.1765965363929651
38.19380707988032,49.055207715666995,93.6617964740824,Black,Rice,33.119988620459516,3.755007505740605
39.872695566160886,30.00808158026912,123.98300735915403,Red,Maize,2.9500592394469747,2.5107894432720643
19.347381230487184,60.66774835423379,215.95611871318127,Loamy,Rice,30.286434440649494,3.5781359809191966
24.90605047256647,32.811114511656186,291.3256809075999,Sandy,Wheat,43.61509835773006,0.9074757156800055
33.95596189260228,46.57017346925397,62.6041934005523,Clay,Rice,44.65077526619204,2.7891636471940977
32.4005154513448,72.41858924734296,272.59608021381655,Sandy,Rice,23.002850258128124,2.254508560636414
18.847397658496376,33.76137729731195,194.2203003278021,Red,Sugarcane,23.505880722440615,61.567226653223
35.395828124765444,80.36030954136014,190.97989168890592,Loamy,Wheat,4.771489967392851,1.9426301688190324
20.61101429591652,30.229195359514986,175.06963380194009,Sandy,Rice,33.86748624670875,2.3435327661811796
20.595440370565576,44.809432152114134,67.34852147604585,Red,Rice,41.24171159826943,1.9690486417110322
28.42436057233534,74.45424336912428,72.46921293404017,Clay,Cotton,12.98809767563094,0.5003586768282804
29.82349837104258,48.97620898375841,200.2280014147715,Black,Rice,21.64374320003487,4.135018450009407
29.502155195945278,36.11354328396081,135.23964285888957,Clay,Rice,42.10312750149825,3.9759340123792875
17.287170934943873,51.61403512802568,279.31701664442016,Loamy,Sugarcane,43.97890291545211,82.50545198542783
36.936521565759506,46.22359718307153,151.64763433986806,Clay,Wheat,12.915819032947072,2.5155797231137
21.64000106471765,80.56271412963329,85.82036467566027,Clay,Maize,27.977961092526847,4.582876585803942
18.237873032070105,48.80087505510859,228.679708375509,Clay,Wheat,10.432164381155525,2.1023805489882497
37.218701996724434,77.33594830656043,123.33835536025246,Clay,Cotton,5.99205944283827,0.5
38.891287455743836,83.51232868864409,181.3675768389733,Loamy,Wheat,45.64490456820592,2.5652044671207594
36.55319043163627,56.02904517459177,224.4581963762925,Red,Rice,41.204867707373346,2.7054668467047254
35.23790186812195,84.59658863126353,275.0660278005176,Sandy,Cotton,38.24171018835552,0.5
31.381049515975544,52.63908323779157,248.04779870041904,Black,Wheat,3.3895496218438805,2.355530265056422
28.771434265228482,87.8447049894065,219.09026696818103,Sandy,Cotton,42.34271084280262,0.5
17.174668997785254,35.35737147153438,219.90829559878588,Sandy,Maize,22.464159719363803,2.4066780626832682
25.211330326767467,71.22115599019457,286.4811610080217,Black,Wheat,17.777361041497123,1.8111545656532937
24.31721292530785,59.62884242741572,123.95602437413402,Loamy,Rice,27.777341690243446,4.1331809158874675
21.493844594008156,53.25892832733882,50.27802354904685,Black,Cotton,5.476308893454235,1.6445124411872936
33.08550284221462,67.96271272491606,117.98863984954967,Loamy,Sugarcane,38.075680918267544,82.66344691217502
27.39689337696927,72.23142549805988,104.47284490668599,Sandy,Cotton,29.5393187675265,0.5
17.0261553976912,30.261796179018546,215.45864627849954,Loamy,Sugarcane,10.142914746785209,82.72864946067229
20.504580048745282,40.01718532483192,208.42789994138226,Red,Rice,10.223377788683234,2.4581882409526328
32.08146909148989,72.78276303805913,198.36534567618097,Black,Maize,10.028183927061036,5.6952144864963765
16.903271487257506,69.98312481469239,54.06086080236342,Red,Sugarcane,3.793116990044765,60.82160071781607
36.28017285121922,87.96285030772063,232.19451361266186,Sandy,Maize,29.802124019212556,2.329503968875889
27.37866317534936,75.66226741504698,130.88260312137288,Black,Cotton,42.1770607018369,1.6466334496899497
27.0146644331662,87.04636246388029,216.26399725165777,Sandy,Rice,1.8574124853820413,1.3872575637735847
29.81019461648794,72.15243009208842,189.14460712553833,Red,Sugarcane,3.401227603592404,61.8723231499783
35.61702414812873,47.883132518366594,135.68273135697677,Sandy,Cotton,29.065743557660344,1.364671234994402
23.695230197554828,36.32189533505139,83.64406677602693,Black,Wheat,41.155288583916565,2.515413016864568
31.95040381397659,76.90943180069613,73.60472441512024,Black,Cotton,17.010205637863045,2.251033773582418
29.143299099894776,68.64895328855496,257.87958327805586,Sandy,Maize,18.131105541578385,1.5099710940795295
21.675706754235534,32.89116074359777,279.5993855203895,Black,Rice,30.22097837734202,2.4224757378891306
36.96574965887895,51.6030279540587,212.4470116910749,Black,Rice,14.436431567083202,4.471395577799258
34.9356505401732,87.40798892905717,75.85852871512084,Sandy,Cotton,2.3038099378065224,0.601445261139272
31.461295866460638,60.02406874261207,150.50680422206017,Red,Wheat,37.026197386978204,1.9396571710099286
36.26454322735604,55.96374816118228,232.2348000262893,Black,Maize,31.656845734131203,5.068146609954378
36.68235502399506,57.46197630955764,244.95522100251702,Black,Cotton,29.457043953727297,1.3716645242178678
32.70907441787587,42.53296344030982,79.55465557277215,Black,Cotton,37.342522320599336,1.046064259957747
35.925333209091804,52.122430251887714,50.0076797113456,Black,Rice,34.08631104053984,3.5711922873905095
32.43678654173209,52.188795359230596,228.03426147015125,Sandy,Maize,11.088217420737736,2.6970604720180895
32.00351929400751,33.14130121124835,139.14904399655143,Red,Wheat,18.271571300224206,0.9634170096637101
30.46528445537961,76.0540577110751,113.62033290456506,Red,Rice,7.179396942252625,2.4695273090741585
33.81791598894103,54.99026591423274,53.22436744738136,Loamy,Cotton,7.362993657476171,0.897335740879683
18.96512763232684,79.3307932089854,185.0748516903749,Black,Rice,34.133591571470426,4.212452917586912
37.02176897997321,81.02088006719373,262.78768385649545,Black,Rice,43.07140524214241,2.1853640567829653
36.7960881936308,42.71964328191949,289.407911568147,Loamy,Sugarcane,48.173896609195815,82.04735629005239
15.731182075863979,69.44120893020772,191.4362376533223,Red,Rice,31.789008759922776,2.598119375103869
35.64541876411907,58.3369082497789,178.61533193497354,Clay,Rice,10.020964844686892,2.6206207967690225
18.22174668683613,82.8094042752891,71.26409637231028,Clay,Maize,6.176866926997604,4.317072329570954
23.377971356478547,42.94444075058725,187.21820038564994,Red,Rice,40.829697605301135,2.632313088169764
33.5877064072902,70.66879201860266,144.99476974134865,Black,Wheat,29.359067341639964,3.0663628455494583
19.018997401207706,66.46512733516334,201.78382022089423,Clay,Cotton,31.29596602967227,1.3746637437438396
35.44917560297655,47.718088654309966,147.18158696913667,Sandy,Maize,39.29164234898075,4.145719431413667
35.80335444894355,38.196054219070355,110.0747808625917,Sandy,Rice,35.46058415889013,2.1650209685824073
27.686693344020906,69.09838562863659,73.74131880709413,Loamy,Wheat,41.888454389948734,2.934165726644099
15.159646792920839,74.31584748793983,128.72961114722392,Red,Cotton,3.754481367534045,0.5
22.17595332937282,48.937640625800995,74.16120857193806,Red,Maize,37.628511200578735,3.4226424157226263
30.423172959393554,68.68995624133882,94.22423770599599,Clay,Wheat,42.691785108782675,1.731153741177718
39.529654450685584,53.7078544566902,296.8340396448865,Black,Rice,15.020617080457402,3.2313988941752974
30.79533817541671,72.79241299695707,161.02588922665467,Red,Sugarcane,32.38191642566939,62.74260883677844
21.495089526603994,41.95291649364319,182.96794162625415,Clay,Sugarcane,16.393941128011633,69.9507481482005
30.85014257749028,83.41290015817046,268.40463218430386,Clay,Maize,47.940582257640244,1.9760175876744728
28.499634492896387,47.244575787934785,298.89222512267196,Red,Wheat,2.637755049339684,0.5
34.49613487877859,52.06715926536917,195.67861233617037,Clay,Cotton,29.4098493478148,1.559874790132771
17.67451597067396,33.48551712482099,253.11845526104293,Loamy,Wheat,9.15867380542624,0.9714866649534288
34.025697562550704,36.690732739276584,131.7352560841688,Loamy,Sugarcane,35.89879005368078,83.30270785394652
28.531664466902757,60.95171416273969,126.43598936182278,Red,Maize,9.618623887514442,4.635742637425672
39.07480009647487,46.05556060367829,150.67593024864004,Black,Rice,12.533779833019521,4.1964419820801915
23.54680415096715,80.12881354453165,218.1268156684123,Loamy,Wheat,25.224169741242147,1.7327634363953388
30.815547328348703,30.88160331929723,220.54792231377468,Loamy,Sugarcane,45.82691254984702,82.36061563773066
38.30070263775043,52.74564292031617,128.8098586623627,Red,Cotton,11.37400423525057,1.5073169818717904
17.56274319976698,50.24073280614556,83.30248103415718,Sandy,Maize,8.067761034787072,3.53548531408054
38.43071218091128,31.15965785505606,208.09906411637715,Clay,Rice,38.1898647608475,2.274607095280631
32.197143057520336,37.462103940030616,82.08146554719113,Loamy,Wheat,25.530357084362617,1.6215807370391262
16.695926477629296,54.81856049511812,194.6231270573325,Sandy,Cotton,45.6774705067068,1.5041348602352076
22.524089173670404,59.5718750668468,223.35553201407726,Black,Rice,8.184113300832273,4.744548079434538
32.704302216132035,54.25738483529214,225.1528740986129,Sandy,Sugarcane,32.65046675812893,54.29264886057468
16.683765036719294,61.85626070472563,238.3680276648992,Red,Sugarcane,12.411078161438937,61.83464224666271
29.55426150440683,65.70790049434089,268.2148553914161,Black,Cotton,8.681261003930326,1.2243546014677587
23.64707642382392,30.595429267670138,174.9897479911971,Black,Sugarcane,34.48804134270625,89.77596737585786
30.522887944186927,57.845709567210235,232.56229738239279,Sandy,Maize,30.09054637552793,3.029200227668286
16.14355084531282,87.8099544532553,204.79318384145918,Red,Cotton,37.98654545975423,0.8061400338478837
36.78842015380941,61.14193680777292,96.65998494942065,Loamy,Sugarcane,16.163666245862935,82.70621550626615
39.33722422943492,70.65253604753718,56.42241121735204,Sandy,Wheat,22.950611162727306,1.1384467255450583
39.22194638214229,48.71183147501299,121.13534641923344,Loamy,Sugarcane,20.868112140190505,81.8968154899254
33.741295793573116,76.43948268916574,160.75842658440484,Sandy,Maize,49.220383734359196,4.235694787254413
18.2521560032658,76.3752889125669,204.27648610716406,Loamy,Rice,15.320198880230006,3.6210127958301515
33.95657989822556,61.27776285924834,262.48983262580134,Sandy,Rice,15.446044678991576,2.138227919047553
15.614672911470038,88.56082939675281,99.06142917654141,Black,Sugarcane,18.37286223260176,89.55943709267122
15.553088788224931,37.533012885759206,81.38744747461928,Clay,Rice,28.665109983225754,1.9804278634441348
23.09025547873853,31.01685989337486,290.8699868685819,Black,Sugarcane,13.363814468923517,88.89796179128886
27.216079760116642,76.20949270542576,77.01113984410178,Loamy,Maize,45.84920707858442,3.8803820473760418
34.26018544519483,78.42933224189295,169.6227675267973,Red,Rice,14.018592678446911,2.916369872990831
32.08238441516263,37.21243374723458,196.39093219832546,Black,Wheat,44.89497084644954,2.7231024215257165
26.14756765941871,45.93496997751636,185.34360522685955,Clay,Sugarcane,6.070278118682648,69.21210638507668
21.840666657041645,31.053141801997736,71.5080392582358,Loamy,Rice,33.171572417582965,3.654526347012214
39.92811250394278,47.598516646833886,64.25672850090484,Black,Maize,45.44229040347394,4.6668936235451834
25.654532555899323,76.38851243512029,76.37085686525892,Sandy,Maize,9.268722481513247,3.2066266282965046
26.284675608241887,61.07763166275474,196.39692096815313,Red,Wheat,48.448021044863495,2.631402666091352
19.090595529791727,50.88573559009728,186.08622190858028,Loamy,Maize,23.191284660360072,4.8867681994580305
34.87023871874823,52.30435769437982,108.43519800918605,Black,Maize,47.340040313610196,5.019222056846133
32.34205564453721,30.08121754292809,209.4435354613979,Loamy,Rice,34.1641821378723,2.3788061766414876
20.51924031971901,47.98803165391415,255.01687551391234,Sandy,Sugarcane,15.777756623804025,54.54683429333904
17.059526140396066,68.78752449827583,60.39473996164844,Clay,Cotton,10.226823720938214,0.7572218608961149
32.012482551867826,88.45166662898143,174.5324858870106,Black,Maize,15.88301726502987,4.673209981712354
31.36278035702838,80.82364961903397,222.32760302567257,Loamy,Maize,5.557853053871074,5.252301883525351
21.831488174955233,31.41569787873175,113.07798176742176,Loamy,Cotton,8.049530350823158,0.8895004483202519
38.771589056260254,83.91363628049035,126.94272632328727,Loamy,Maize,6.128361576977576,3.550825038947303
18.776447294522505,76.99190479791756,203.40947574734597,Clay,Rice,21.72423364333633,3.562300961240478
25.80837002606505,76.82256741425883,274.48382336093425,Loamy,Rice,39.98334043662174,2.191784416809809
38.59039800418997,57.47974554021429,252.48110507572483,Red,Cotton,7.927794156600669,0.5273533465292515
25.493182923153057,53.88031757727017,195.78255477489589,Red,Maize,7.385701225444458,4.255681418076718
30.96314869160214,48.174943729991554,232.5554294393123,Loamy,Maize,32.52801852634921,4.79956419623654
24.939859949069856,33.941691537261946,141.20561755194967,Red,Sugarcane,10.661966116435247,62.12649552960994
21.85538005871675,43.69412180962195,210.24138202468944,Black,Maize,5.782891867340589,5.66563626614417
39.599441198995706,44.79621809868148,166.54539778188925,Red,Rice,9.175580332073304,2.9247407610572274
25.233350157876075,59.0446241826121,97.48403411439023,Loamy,Wheat,46.26283839796203,2.551160068664604
37.352480091978364,74.84666439580164,225.43456846931429,Sandy,Wheat,41.25209138603335,1.219283859281648
20.748865147277154,58.428589703876796,189.11615933720552,Black,Wheat,18.34916355539961,3.730290714037961
20.327617600627082,33.47066696682964,139.65539548839786,Clay,Wheat,33.13521759904225,2.2788737197127036
15.778352072112783,87.46738805929223,277.8347975196577,Loamy,Maize,27.326508009733868,3.4422344281826605
31.291670634397125,86.56345914564673,55.233529456683314,Clay,Maize,34.17908891064563,3.67421126235843
24.21315859309403,77.1113725889045,128.943287812374,Sandy,Sugarcane,34.45088647067521,55.66201983408161
36.608956245990925,89.47967409385323,64.22034944441164,Clay,Maize,31.807966737939655,2.464182368670222
26.83024766728893,62.66893996801578,241.6318290554068,Loamy,Wheat,14.03896705832812,2.3551126223370455
39.20483569786804,87.76610101519236,225.52686352844816,Loamy,Cotton,2.911314617378088,0.7886950287286186
19.63813789257803,34.53630243700505,132.83805468407925,Sandy,Cotton,23.32277231751533,0.7083037987602174
36.71557919889027,51.940844895682275,218.91572555176825,Loamy,Rice,44.65772034984449,3.906872129674112
34.41492131979354,43.52287608040595,148.98430654898746,Sandy,Rice,28.90536566741022,2.2187311732841186
34.2730461161013,41.7499850480562,239.0634478556086,Sandy,Maize,41.78716104339349,1.7807652704759231
36.11958070292219,38.44817693356056,163.54591568417652,Loamy,Cotton,49.58959280510018,2.374326654488372
34.02559977357497,67.34481849395979,153.0699319579164,Red,Wheat,9.017194002775536,1.230676780489647
30.655508040785385,76.8793113448383,283.68247887207525,Sandy,Wheat,34.89710431795714,0.5
18.28112194205969,64.69790396522164,112.71977497267505,Loamy,Wheat,34.040385111301205,2.9371697678752944
15.813154487281299,38.817762575292576,80.11183499914137,Red,Maize,49.017816920555646,3.411173271600186
38.02119619539217,78.66742619600825,196.13577831486455,Sandy,Maize,49.294435963687214,2.8374585674327113
30.41625786301845,68.15728242982371,292.33045307104476,Red,Sugarcane,34.647251974482344,62.298366430013594
34.91343227440441,53.28994236761973,144.45980343179667,Black,Wheat,12.93712480712752,3.155926041621076
27.038058787813753,70.44781773216377,65.50919090719538,Black,Wheat,40.12923606839935,2.3077409843627277
17.93270472405986,45.59429875456997,134.82631682739185,Red,Maize,6.2444275763408665,3.5969363674600863
18.129644805063762,50.71153250965263,176.4829135798896,Sandy,Maize,39.254265904409806,3.0458954899718322
32.13913218072429,85.04915058791941,90.48075165805344,Loamy,Sugarcane,45.59961008309013,82.51272032214085
25.757647372486566,47.43027034028522,214.525554514123,Clay,Sugarcane,19.75883634365333,68.57422343159053
20.013118167508416,58.19929608947619,299.4373472525501,Loamy,Rice,31.901129454170942,3.412296376764622
27.289863668535922,83.40846824376088,162.93486899536094,Clay,Cotton,22.076993872744488,1.4734038664124813
16.605223426878354,72.46328101605164,138.68213918255316,Clay,Wheat,22.450487694418293,1.5858765283113612
29.549285047859968,33.73219356988216,150.17604170861665,Sandy,Wheat,16.20817356629788,2.129431739853771
21.724835110877443,38.83818265673822,78.78654459880028,Red,Sugarcane,38.344351402065904,61.29513008617439
34.93897751592971,30.47049544631501,270.8184003565559,Loamy,Sugarcane,46.87265164415875,81.1128692784121
22.759048973089342,67.85530741374981,153.706413880338,Red,Rice,47.09679210248859,3.3374465135369156
26.38050372704503,56.8604055246251,146.81860285621033,Black,Cotton,9.564282958871758,1.5574472280026983
15.290513497702516,38.05649105413653,214.92256823261857,Sandy,Rice,43.86243883317174,1.9211813385802947
16.81117219486397,87.47604726340623,160.5083552327809,Sandy,Cotton,37.134140629928986,0.5
24.81233891016712,61.7795834367372,212.05836720196152,Black,Wheat,13.389032633824174,2.7197602597596786
26.998470867928088,44.51359764677335,65.36157253269687,Loamy,Rice,4.296946033154213,4.331532795409986
30.000513702982595,60.03621426928245,253.43083593055687,Black,Sugarcane,14.131866077334521,89.371612065573
22.29156446773258,70.77721996410646,285.1259882198507,Loamy,Rice,45.698203602294754,2.8419813393028432
32.37454715316356,34.57435307841387,212.19134653984648,Clay,Rice,32.02575506989284,3.1376787655768537
36.503059929730114,46.482228902873516,288.6414822147027,Sandy,Wheat,36.33167838399572,0.5
34.496274722333744,78.41792945303962,87.85807859249083,Loamy,Sugarcane,13.600465204345696,82.91712755144218
15.990470633708929,57.57989222415968,169.35404737008844,Red,Sugarcane,36.250019623166196,62.894674984997415
27.012673681445726,62.794628521937696,200.45168348636182,Red,Maize,2.377953807618264,4.078222067700294
17.623254460454373,55.96896013256816,195.43416185529668,Sandy,Maize,19.390745942877675,2.373751645638985
21.051125396563187,32.63399655858031,150.36544477226082,Black,Maize,31.71091407857423,5.4495888236692185
39.66656483167866,39.94498678920935,134.52110234156535,Black,Wheat,8.158731711524691,3.9675924063804064
18.56238857253783,56.73249832451346,81.7060056376047,Loamy,Rice,41.3271751478998,3.4845676252274216
27.472203836283903,42.551127924475665,147.93561264056956,Black,Sugarcane,12.516533641784013,91.99993318086922
30.45389335795298,32.99874171958072,90.66520377637129,Sandy,Sugarcane,32.96177452810387,55.44841423027263
32.561624263602596,80.61897984310943,233.5914191230546,Loamy,Rice,20.854659986191155,3.433159768413246
28.991217087172853,88.87155174984696,102.2077338736475,Clay,Sugarcane,30.206136178404712,68.89370258562967
15.244271185479592,77.58857243980437,64.64132632113346,Black,Rice,6.265077078816498,3.2744436961256764
23.1615327060998,81.22709530228002,188.09153445430857,Black,Wheat,1.8287271961587588,2.9581630892645734
27.942791084617788,44.518627819022726,198.8074331798504,Loamy,Wheat,45.56865694163476,2.3107965920889244
17.196662478620834,87.63761853079198,267.9782653201264,Red,Wheat,14.211870429591958,0.5454848982041365
23.76567328022952,41.8155422672057,194.24540310442046,Black,Rice,41.164173136242496,3.6510430326200596
15.830077719784164,87.08578862170994,136.37021343086144,Sandy,Rice,49.96816472313781,1.3556047413357122
16.964462428875517,89.68915763795707,250.75297038158013,Black,Cotton,11.360131641946646,1.247418096196188
24.9230819050399,72.70336834476292,185.06972329685527,Clay,Sugarcane,13.993366317984425,68.58523462739848
18.31789385107651,88.86862390750932,69.82007115779794,Black,Sugarcane,33.48012959409862,89.72979200272869
29.188521206538955,64.17238677402622,191.46264007831167,Red,Cotton,48.30698309543044,0.5
32.236624228431644,45.57250699056542,277.0046363554156,Black,Cotton,45.87490306134645,0.994391366348365
35.01466747772707,56.219753139937254,149.07815637455514,Loamy,Wheat,25.64090048321366,2.910651080086422
20.003756106120253,65.61365612272715,124.08145047495002,Black,Cotton,39.96040384380951,2.6393872890026717
19.187064556476745,34.3848937216209,85.86736425450502,Red,Rice,7.651546801895152,1.9897275153612672
17.614196008360008,67.34059587703476,87.86138048383933,Loamy,Maize,48.8944710259966,3.857741660129965
30.910756238590917,88.87067020573767,158.19287108545473,Sandy,Rice,48.25330846776334,2.1511019301578194
32.66189316217253,41.406458987023655,198.91995604038237,Loamy,Cotton,9.022718936079377,1.2356652440019853
15.789653620641051,77.555706977303,70.15385129240045,Clay,Sugarcane,15.671733115352225,68.32391823339411
38.405306156092244,84.47392762677717,284.8921472562914,Loamy,Rice,5.907594877831579,2.578888577591815
16.29928209128681,86.62209556921326,238.78340436129898,Sandy,Sugarcane,14.314162346010805,53.86249410021422
28.53240838252676,87.60813626432683,196.65597957091566,Black,Rice,40.98183368134512,3.372955478605166
32.72651298627291,61.287578323288315,257.10966773474775,Loamy,Sugarcane,19.537464751097716,82.01700166471599
36.77422809365214,88.63847447949021,70.04668920302832,Loamy,Rice,5.331451390191161,2.5811023254931023
32.85217330331069,75.43861242806634,169.2097194332811,Loamy,Sugarcane,17.769050714166323,82.84434758381614
35.04320207674479,39.700286174217716,207.52328171541586,Loamy,Maize,49.087783377822724,5.7196739814945925
23.486254813570152,58.614006388078195,257.1632265295723,Sandy,Wheat,31.854496167700944,1.852513311435891
35.3706278436628,73.09987052232023,245.86739001231692,Red,Rice,21.39188637390173,2.204151899421569
17.00287115961688,44.840418949145004,119.26731242834991,Red,Maize,9.16038716136623,3.7126313166115117
37.37041640151319,68.43691101293325,285.22004238980105,Loamy,Wheat,49.32266306690104,1.6104266535687328
28.689809403843405,69.99602874279715,81.08646035771758,Sandy,Rice,41.22160145389331,2.278953831133927
35.43244424906234,39.76198462851396,268.783404655288,Sandy,Maize,14.792387820095051,1.9674264601043483
26.307957112957503,63.905118747165375,292.73506240115466,Loamy,Maize,4.433366090338284,4.44920868661556
31.089442379913123,76.29761465871647,94.28838080565639,Clay,Maize,3.7746523115003434,2.7665273486111444
28.160066523402833,59.933739872156515,230.5165160509463,Loamy,Cotton,6.8985293257711575,1.250942674227279
33.2897380438833,30.726187006566445,60.07137969449961,Clay,Sugarcane,29.45766059710666,67.98060023230803
17.04074955076474,30.54230814475753,151.35570628478874,Loamy,Wheat,46.509407639069124,2.224840028950477
16.508802099764097,51.42176063820073,179.07082479941852,Clay,Sugarcane,25.340427972293238,68.83511860164363
21.177580850253662,85.57164410590693,195.16130647740852,Clay,Sugarcane,42.30432864035366,68.99620760421087
18.98861700282971,43.72060677621653,283.9843120621399,Loamy,Sugarcane,22.848444373130583,82.41779490351941
36.794589164805046,68.06182133230124,218.06267182354867,Clay,Maize,35.720593742623436,3.7180256278374566
20.480349683951108,43.324552241599235,170.31948780480926,Black,Sugarcane,36.86176412703854,90.60853577030493
39.39663139547828,49.300199379572916,252.41875906647232,Red,Cotton,9.524221589263593,0.5
23.422394794277672,80.88252537608903,287.6332052386023,Sandy,Rice,18.69958688981478,1.1772843830421535
19.55294789221748,73.7316865361968,55.51653717057271,Clay,Maize,32.22780567036317,3.77083276684374
34.74246267856198,35.723956638792636,295.63031806400966,Clay,Wheat,4.4641338010339435,0.5
31.467694387521902,55.72212125918602,71.53303476592009,Sandy,Rice,18.715469200384874,1.8142254400374402
27.454892911328475,31.750185818715867,253.59669481719033,Clay,Rice,27.20517384777843,2.02536632790284
28.88408877344078,58.85340879618054,120.08368813785312,Sandy,Rice,49.81500015918729,3.449364019787219
32.980044456806596,69.74604070206408,83.04491443846794,Loamy,Sugarcane,24.252144568499595,82.90506975386991
20.711368533282467,37.11015741588909,159.96390992845872,Black,Sugarcane,40.98678109860185,89.56090543512086
39.90834790141855,47.333096334549936,210.98914486190338,Black,Maize,22.17129696826427,5.188644985388816
39.36982905366958,53.87019753012942,145.23796125586875,Red,Sugarcane,40.023145408365735,62.56618378302838
31.258142158673422,85.17186147936299,63.64135207067474,Clay,Sugarcane,30.175325279385312,68.27523722241601
19.988561273228626,89.59530092537784,199.86528491467917,Red,Sugarcane,44.44317663361752,62.00399716056848
32.00570606078229,32.69467793973695,275.60081902766865,Loamy,Maize,21.136185065155384,2.599746373587706
16.804960224479395,75.66047540972352,145.80384148681293,Black,Maize,30.610916571252464,4.385415743181479
15.766312555145152,52.30344398414059,104.08319440770676,Loamy,Cotton,31.87091535032254,0.7358818333683758
21.442072212780342,53.547491173768805,160.64433648320386,Loamy,Cotton,21.45176414822319,2.061129919594853
26.565573918482908,75.25589840082137,62.09067776219522,Clay,Cotton,8.071290140686594,1.5035919984856527
36.706812635209516,85.10558592872451,255.1218961200687,Loamy,Cotton,5.584410938704442,0.5
33.1792267441577,87.0557156701529,256.5852027375467,Black,Rice,1.816905979382022,2.757233617869621
33.56766302999952,64.62735516229924,197.0001158574071,Red,Rice,43.803178948015514,2.6533717820423424
25.637333361201883,51.42726955803017,138.27572223459737,Black,Cotton,12.587270699696033,2.033276547956966
23.648374813674074,77.25294515152675,249.94584111144584,Clay,Cotton,11.363830714806634,0.5
24.27596907461507,45.060082995738014,188.67175619709178,Black,Wheat,37.06573462087721,2.9675451329589504
39.69123909340145,63.84444173001106,256.48307713750404,Sandy,Rice,16.680789541282195,1.9811126851141747
16.002729785312063,51.51470769149239,207.86469814575514,Red,Wheat,25.79618992817999,2.0598508060069607
36.675787403061214,69.39786442247257,246.10136830319934,Sandy,Wheat,8.963042199575359,0.6789743195118028
29.466885214309833,44.42393477361041,199.64074830444,Sandy,Sugarcane,48.027540351636496,55.795967088672136
25.965385479739762,41.49557674408955,153.53526705391656,Clay,Maize,42.72748860084463,4.800803767389626
33.13144151037841,85.09434520052622,289.48646498153437,Loamy,Rice,43.32569152528516,3.0736234379244567
27.16672353561757,36.10822097697221,185.2784562197112,Sandy,Cotton,20.931913680028256,0.5
36.83558095204151,60.3574744640959,201.2723796351346,Black,Cotton,38.35569947165147,1.1615091398906314
37.51754660028146,43.251166977780535,105.12190985368731,Loamy,Maize,8.049931614099227,4.258173962330427
25.543023171836385,32.335797799540046,206.4126973568191,Black,Rice,1.4223311269972336,4.01207669926004
21.920694930876287,32.161129097485585,192.90191237073597,Black,Cotton,1.9786736963233782,1.4901948233317968
29.808758214834057,40.51330632634964,96.20959948675625,Loamy,Cotton,29.743485132823462,1.3940128649513501
37.80908364041727,82.00622127036002,64.89677433828592,Loamy,Sugarcane,23.3143503571491,83.05494156999575
20.266554725141663,46.9487246386216,201.08982992869278,Black,Wheat,26.382752096517468,3.2520429943671116
30.57416458908707,87.02755023451775,240.92306733758014,Clay,Cotton,1.3656938804437508,0.5
30.789005502313014,64.89733757935161,180.85034273050206,Red,Rice,21.71164436321386,2.9024623564643846
33.327825560382024,56.196851386125964,106.69315632991143,Red,Maize,36.18533989884218,4.326948407560135
18.289192128181494,64.80533008016727,216.63049417325874,Clay,Sugarcane,22.691991396404358,69.2929879843752
32.895624117052215,61.00190311357606,70.02643165240056,Loamy,Rice,36.87874110929889,4.331336130111904
37.72581301664103,75.5265752254395,160.45842620048865,Black,Sugarcane,12.417929255444903,89.7072519508306
19.492077721756047,46.949763958371136,90.84168959960505,Red,Wheat,40.843958219604545,1.2161852919631229
20.93858312309694,51.183023496018144,96.11476276497083,Black,Cotton,29.83313078221916,1.3332149030452067
39.28487735104099,83.64565815199504,100.57348728955091,Clay,Rice,11.327391872065405,2.117584596735491
19.524423817737244,86.78739078902433,146.67676426099447,Black,Maize,12.599303316837814,5.125599512831074
36.35962733423948,83.55349364918847,62.78755140509941,Clay,Wheat,31.773492763907313,1.2364208052094612
27.30694641120087,55.16687963743881,149.44836023227455,Loamy,Wheat,41.66704006740972,3.538667496217301
21.180776860079426,76.82193018041289,177.92686177867523,Clay,Sugarcane,21.365761319428604,69.8627206068195
36.768747531812785,58.58014399806593,170.8235712415813,Clay,Wheat,13.656721027252019,1.2947985406648617
26.132631375066637,59.85239112876613,145.69602510076015,Red,Rice,43.48356873861942,3.0253127265983824
27.870433848242257,42.28080654343704,259.7866520176881,Black,Sugarcane,33.79414629579091,89.80701815554512
23.98083423499414,65.46781819551099,86.33167310512603,Red,Wheat,22.956188876870748,1.994738638246531
29.823771285873185,41.16815386520088,176.42418594534348,Sandy,Maize,24.90710956868579,3.1403338817508937
19.08809681462557,49.89388194403163,65.51035423913858,Clay,Rice,11.008566928883424,3.2893129419583573
24.77703841629402,81.3018120971961,67.78891971947743,Sandy,Maize,31.713328873177353,2.235727774727473
39.23530805838219,42.424548552651316,193.46646241927408,Red,Maize,18.578383016601542,2.6376962476141648
21.45333581752819,34.269497110405965,191.50460622195524,Black,Sugarcane,49.78661365704311,89.46975474864318
31.418416613532305,34.14045555676898,269.50837821111423,Red,Cotton,24.528992247832505,0.5
23.129751605617372,86.44707123018648,189.4684189150183,Black,Sugarcane,24.808394703291047,90.04927073323509
34.33682814216502,60.415226277710076,289.9477551012126,Black,Rice,28.726737583122922,3.0639502228072786
18.271841517958745,54.5647243090211,62.17371209998244,Loamy,Rice,45.92104415281859,3.110173278832295
39.24552612696362,78.6527148604751,74.50192119518528,Clay,Sugarcane,40.24008689312777,67.70297604523552
26.34473853459098,80.14955567463096,61.01646539259535,Red,Cotton,23.10537342009423,0.5
20.9012615836616,49.93146198693628,96.319212583385,Black,Sugarcane,36.216264032667006,89.65761468747628
16.837418683250316,71.6170834484277,185.31752773541953,Red,Rice,29.72553944025732,2.717137751643886
19.24394762718852,76.2673689511132,211.393045356857,Red,Cotton,25.125985386361197,0.8025096324360235
27.994348713900443,69.27904121195726,61.396289487167195,Black,Rice,10.423472866433176,3.8313758146875068
23.425079410782157,39.095704488005964,286.4927224613998,Sandy,Cotton,23.732876909289654,0.5
35.72208414706523,82.55298501102342,260.54134416259524,Clay,Cotton,13.045110764106157,0.5
25.772188091545146,62.34567316416052,124.15312053927329,Clay,Sugarcane,45.82726534273108,69.64158347746513
21.217856814690748,46.94834558220022,69.29688255661699,Loamy,Sugarcane,17.434933861321,83.40790825562208
30.42862466510075,55.513691126261634,92.47176830476431,Loamy,Sugarcane,47.66093671213524,83.22269304109793
32.669430422136145,32.25426542393444,81.73610343874317,Loamy,Cotton,27.11970921464085,1.326767821896468
19.176047697523746,37.672008073345054,80.82094482473671,Clay,Cotton,31.945674555131855,0.8757074957699624
19.190480407207943,75.93280503095164,179.6404221664335,Sandy,Rice,27.60408177997706,1.635254628013835
15.916785673338575,30.000698085321968,111.46186062335008,Clay,Maize,7.339650231368344,3.281339413704045
33.41005037664101,54.993949708937535,139.5349291322861,Clay,Sugarcane,19.415239731389107,69.35067705514822
31.595113190545128,61.35061086513531,297.3763333460806,Clay,Rice,5.858159501603573,2.603690945007197
26.865771893745347,33.278065200058336,221.07856223133618,Clay,Rice,31.524748164985706,3.6253935857198236
36.10426122422993,88.38468977833998,287.24516676175034,Sandy,Wheat,22.896835564821508,0.5
35.14175382375133,43.56751987498032,85.6391387582789,Loamy,Sugarcane,39.1212636069759,82.54828214303816
29.633859109918802,48.25192317817685,145.5348687081423,Red,Rice,11.803053568969123,3.488649835993214
36.70678201283147,48.23655073530164,188.68295082058856,Loamy,Wheat,9.06373686303741,2.3636486517056277
20.146030250919207,43.824999727040996,69.1895154721845,Loamy,Sugarcane,20.91027931722462,83.44774505073487
17.7979904849432,30.088429325178684,51.046860906989465,Red,Cotton,46.40268377770067,0.5
21.74374028792474,73.76068764527977,217.60858344922937,Clay,Wheat,35.81066893560818,2.224897384731844
16.427171402232872,88.01072998795712,210.45487920035885,Sandy,Cotton,21.527257614853013,0.5
28.2792382000258,43.4576089971027,152.69720249990294,Sandy,Maize,26.346336317961217,4.0542375940986
38.41514230737404,69.78283150820535,172.41101900800817,Loamy,Maize,5.126437547677819,4.940501738798606
15.983588516712741,74.51377961752291,153.86075014802242,Red,Maize,49.24421892242954,4.16605694120787
18.052747850250668,80.90552274543148,56.001261211222214,Black,Maize,33.65395793005103,4.669969926596345
26.30497570708588,55.357751820816546,133.8429015543656,Clay,Rice,14.984799354707702,3.279639631474398
38.34687543819762,48.17585433842575,94.27056384932246,Loamy,Maize,29.704611316546973,4.0652774477721065
22.903902624418762,49.517708041381866,74.60604727534218,Sandy,Rice,6.364635937380704,1.4109086711142858
27.68087021720981,72.75727998591077,289.18010847233745,Red,Rice,48.325996771571596,1.5983304089404937
16.0393214762598,79.00676799033816,199.8399312605414,Red,Sugarcane,9.56446440628493,61.82917558992934
18.70858002405222,40.89683806539616,232.16407105915067,Loamy,Rice,32.753485584705494,3.1776590038769004
39.665753073971175,52.25646048946591,128.84093581652937,Black,Rice,13.027268664407591,4.199233964242831
39.127967410901135,84.116411804949,148.2867823735038,Sandy,Maize,36.160507749778255,3.41158072578417
15.123499523360241,78.40161118168436,109.23099847418086,Loamy,Rice,39.064246994773775,3.2717094631132855
38.79529463558097,89.09150416574855,74.24141774135619,Black,Cotton,33.9975667166602,1.7409676113421955
30.97799844538751,75.25489558092485,94.75790936039596,Red,Maize,31.110473552504434,3.7212027592113732
36.697957363000555,53.59171206167534,249.37851132412146,Clay,Wheat,44.73098560364857,1.194688398554647
26.368496390846477,65.43827003967826,219.38645129594397,Sandy,Maize,4.852708838498144,3.019144219591884
27.889900714481257,69.66085525483922,186.73221899636923,Sandy,Rice,17.214823523229565,1.9909006908270355
27.221164506423005,34.70734897902744,168.772468216692,Black,Cotton,13.166086501911453,1.7825055896489277
31.67160643865261,62.669817546231904,280.60857091403113,Loamy,Maize,49.41268414120566,3.226139551383152
18.49128136890782,72.55924970835657,68.1837369446671,Red,Cotton,20.080099203676802,1.03309953135921
15.749339746816949,40.039278240063624,120.150203309479,Black,Wheat,36.89802226277954,1.3314491852282764
22.698248539779772,76.83790304553344,137.4844633926785,Clay,Wheat,34.551533030169225,2.443874486689029
32.61701906841617,65.0263668308467,245.60645305319696,Clay,Sugarcane,11.391980636391509,67.9905626787686
20.04633630307371,87.13330714185568,298.12865504049284,Clay,Sugarcane,12.710886330366014,67.37777479594982
31.835810833122935,32.5453378924135,110.16762868928826,Black,Maize,14.782943614098672,4.924716536623734
39.24780115268176,45.919568253328016,268.5768335342701,Red,Sugarcane,21.145236634709583,61.78304603582074
17.34751789473546,66.09323275798944,257.65569010794786,Sandy,Cotton,12.481928216875813,0.5
31.815052955628158,47.79359473235584,106.16434941044164,Loamy,Sugarcane,1.9629226545955425,83.43389251336718
26.093755482614277,72.86544984427454,149.83314504980564,Sandy,Cotton,44.090259783552575,1.8665355941155226
36.703556359437634,75.54031695131586,152.4182173231298,Red,Sugarcane,48.31488173766332,60.91061956964896
19.428744736184647,36.150957843988465,294.55516713163956,Sandy,Sugarcane,17.73694896454683,53.49122833899189
32.315648805654114,60.831267852406064,95.22297534472457,Black,Sugarcane,17.58683709184817,90.81205150252926
35.95288224120276,60.53343333546336,249.78949277619552,Clay,Rice,1.3474988259441782,1.7864055681089126
38.61535548685058,52.156846212932464,133.54817854327746,Red,Rice,34.33228372818833,3.1969889536712124
32.081200707241145,85.97549175418033,232.7175864440401,Red,Sugarcane,41.44655489168281,61.2903209744134
27.429369100210682,79.65037919239327,155.0027510739157,Sandy,Cotton,8.183806717640156,1.0049477856186027
30.446181005030347,71.8325629145782,194.58994077913502,Black,Maize,8.823651118990387,5.5798860900253855
36.72262461196796,72.85959814409986,258.1529433315328,Sandy,Wheat,39.71407924860045,0.6464332889700053
29.265243665970743,57.70296862878715,251.04139124597103,Sandy,Rice,31.19824666935309,1.4525641844703745
15.75967649242092,85.25967126579455,266.60579588492504,Red,Sugarcane,3.198167323758134,60.736522673879634
38.273717387674445,71.67572563519713,64.90433133616476,Sandy,Wheat,31.5048025326518,0.8371421382640887
32.23816877578903,73.738863699349,223.0126382599362,Clay,Rice,16.136968419344537,2.7216308243392104
31.912834644431165,81.70145422724072,84.99684418044072,Sandy,Maize,19.06753261807145,2.744910406310268
20.39187880994293,46.444295360531456,153.95464200460276,Clay,Cotton,38.71683949654713,1.0995899055873064
31.47213675581643,78.42425423200217,187.1471037636721,Red,Sugarcane,40.73582444095792,62.25258664482406
24.846610141353963,41.71443617738952,150.68487118670768,Black,Maize,20.6174747151517,6.183008356492599
31.280824426037302,50.72051713469327,179.90291895075188,Clay,Rice,47.410493864311384,2.4109899060475195
17.664825757699766,50.136627256190565,299.13157719965477,Black,Sugarcane,20.91667317965154,88.67897230252876
31.4461326150759,88.71152810334843,83.80432842821368,Black,Wheat,38.819965726275385,1.8937538313070708
39.985343144266665,81.39223342487561,218.86401133410638,Clay,Cotton,24.709985963648695,0.5
16.2053009715139,72.07019169541559,149.0002415964038,Red,Rice,44.979083999582116,2.6706235654057053
39.429354605532936,73.62340569692341,83.2524497268322,Loamy,Cotton,45.480300938858754,1.045324621399096
25.172699018071768,63.724367664154265,89.68419084357738,Black,Sugarcane,5.283423585683109,90.00032347946907
36.76883625843148,86.82544002651115,287.3182765614042,Black,Maize,46.88817323420106,4.11439556356313
34.559637101456836,59.77552517294169,269.90037417794053,Red,Cotton,41.451207234500366,0.5
29.175406524666695,52.831062592193675,276.76049010375544,Red,Wheat,39.77422500132067,0.6907198224196389
33.46123023128317,39.78212021589546,297.88319395684664,Sandy,Rice,10.844655644590599,0.7213413878516372
36.962889032533695,77.17233913566348,102.07884750212949,Red,Wheat,40.45084122897858,1.7116218523307976
25.103508041275823,74.06663592453549,138.85983434101544,Black,Cotton,42.6565039995668,2.276993376326196
23.175829039080966,53.06130231144809,217.30475748121668,Clay,Maize,15.168366388253396,4.37138385407137
31.689834639089618,31.51160483755376,170.9506349651618,Loamy,Maize,47.66074383975386,5.522482287098866
35.19614854853147,80.33983966308065,154.59738334458336,Sandy,Wheat,3.443147173559048,1.6548904729550185
34.057128369415395,30.68507900724442,139.45281233389827,Clay,Sugarcane,8.345553409109844,67.89502885157044
34.94534122146587,72.22198677774306,198.44515798586306,Loamy,Sugarcane,27.3414757645242,82.90914048157104
25.889582870323324,88.21542658356341,193.8983571600205,Loamy,Maize,29.213831084993174,4.643173037375574
35.445855404375536,56.259679688892206,90.36445851606001,Loamy,Wheat,32.61235408174427,3.3116967137217475
18.00522638426521,44.09840429975716,167.93495937960978,Clay,Wheat,1.8314873364578563,2.352514515219394
28.61222744902124,72.29226060260291,188.36794405246246,Sandy,Wheat,48.05797195648438,1.2911448262359824
15.143966512453039,79.0276885209351,192.57173468284762,Sandy,Cotton,3.1848165439730556,0.5841831730960685
23.114645747506756,62.78581896467084,102.52679822808796,Loamy,Sugarcane,8.010035683446716,83.42067934184637
24.161538371784946,88.02211651536877,235.5678480630717,Clay,Sugarcane,1.6867113587767921,67.68297745079124
24.904317290231383,33.100123299477666,56.29977370526741,Loamy,Cotton,28.77606323141064,1.351746458180153
32.38668016724655,60.28773589827169,138.70796388579066,Red,Rice,46.68107731212764,2.909220955496606
24.713952531758643,73.107236839353,245.0531621339084,Sandy,Cotton,33.63141113794275,1.0833304148487923
26.217340565563266,81.75842826895074,190.97323026385058,Black,Wheat,41.31021595554094,2.9320167116324116
20.938603271858184,40.755336714467404,115.29060812771506,Loamy,Cotton,1.650778969470424,2.1845897210771423
24.3312947907335,78.00020890582088,223.73827983576192,Red,Wheat,27.55874962550658,1.781626838015546
20.681740681578788,63.162424543112714,191.84773603901834,Sandy,Maize,23.51858589777057,3.789422867474467
16.829898094211092,53.7932209193978,249.0609023640968,Clay,Wheat,25.44942926681886,1.2308405542161271
30.086214834534445,37.90290171474561,233.75629654745583,Sandy,Sugarcane,4.538446081424209,54.64268741736688
31.705319963875407,81.91774553453475,202.52698050905866,Clay,Cotton,34.53733269239606,0.5
30.487258650240364,39.43639249078292,172.0444188277035,Clay,Wheat,25.657800328073087,2.0304022775890838
26.58735109501431,48.58727155254596,83.29553141688086,Loamy,Rice,38.49229364320193,3.083067419503484
24.494644504480746,47.40273191774621,115.33325447134594,Loamy,Maize,24.779241069024053,4.80463083786587
36.583341239295635,82.28484205145125,154.7748682292713,Sandy,Rice,8.319700175095171,1.6819852818411682
